Date,Index,Price
2012-01-02,0,5.0
2012-01-03,1,5.29
2012-01-04,2,5.57
2012-01-05,3,6.65
2012-01-06,4,6.0
2012-01-09,5,6.3
2012-01-10,6,7.14
2012-01-11,7,7.0
2012-01-12,8,6.51
2012-01-13,9,6.6
2012-01-16,10,7.1
2012-01-17,11,6.0
2012-01-18,12,7.1
2012-01-19,13,6.22
2012-01-20,14,6.95
2012-01-23,15,6.52
2012-01-24,16,6.55
2012-01-25,17,6.31
2012-01-26,18,5.5
2012-01-27,19,5.88
2012-01-30,20,5.58
2012-01-31,21,5.3
2012-02-01,22,5.88
2012-02-02,23,6.28
2012-02-03,24,6.3
2012-02-06,25,5.6
2012-02-07,26,5.69
2012-02-08,27,5.87
2012-02-09,28,5.89
2012-02-10,29,5.88
2012-02-13,30,5.79
2012-02-14,31,4.89
2012-02-15,32,4.69
2012-02-16,33,4.51
2012-02-17,34,4.67
2012-02-20,35,4.44
2012-02-21,36,4.58
2012-02-22,37,4.51
2012-02-23,38,5.22
2012-02-24,39,4.95
2012-02-27,40,5.04
2012-02-28,41,4.88
2012-02-29,42,4.99
2012-03-01,43,5.0
2012-03-02,44,4.79
2012-03-05,45,5.06
2012-03-06,46,4.98
2012-03-07,47,4.93
2012-03-08,48,5.01
2012-03-09,49,4.93
2012-03-12,50,4.99
2012-03-13,51,5.3
2012-03-14,52,5.27
2012-03-15,53,5.39
2012-03-16,54,5.26
2012-03-19,55,4.83
2012-03-20,56,4.79
2012-03-21,57,4.96
2012-03-22,58,4.91
2012-03-23,59,4.78
2012-03-26,60,4.73
2012-03-27,61,4.84
2012-03-28,62,4.93
2012-03-29,63,4.84
2012-03-30,64,4.88
2012-04-02,65,5.04
2012-04-03,66,4.99
2012-04-04,67,5.01
2012-04-05,68,5.0
2012-04-06,69,4.99
2012-04-09,70,4.75
2012-04-10,71,4.8
2012-04-11,72,4.92
2012-04-12,73,4.93
2012-04-13,74,4.93
2012-04-16,75,4.98
2012-04-17,76,4.98
2012-04-18,77,5.16
2012-04-19,78,5.13
2012-04-20,79,5.38
2012-04-23,80,5.0
2012-04-24,81,5.08
2012-04-25,82,5.14
2012-04-26,83,4.98
2012-04-27,84,5.04
2012-04-30,85,5.0
2012-05-01,86,4.97
2012-05-02,87,5.06
2012-05-03,88,5.1
2012-05-04,89,5.07
2012-05-07,90,5.05
2012-05-08,91,5.02
2012-05-09,92,5.02
2012-05-10,93,4.87
2012-05-11,94,4.95
2012-05-14,95,4.93
2012-05-15,96,4.95
2012-05-16,97,5.04
2012-05-17,98,5.02
2012-05-18,99,5.07
2012-05-21,100,5.08
2012-05-22,101,5.03
2012-05-23,102,5.1
2012-05-24,103,5.12
2012-05-25,104,5.08
2012-05-28,105,5.07
2012-05-29,106,5.11
2012-05-30,107,5.14
2012-05-31,108,5.17
2012-06-01,109,5.22
2012-06-04,110,5.22
2012-06-05,111,5.37
2012-06-06,112,5.41
2012-06-07,113,5.53
2012-06-08,114,5.61
2012-06-11,115,5.52
2012-06-12,116,5.71
2012-06-13,117,5.86
2012-06-14,118,5.9
2012-06-15,119,6.42
2012-06-18,120,6.06
2012-06-19,121,6.46
2012-06-20,122,6.64
2012-06-21,123,6.64
2012-06-22,124,6.59
2012-06-25,125,6.26
2012-06-26,126,6.41
2012-06-27,127,6.49
2012-06-28,128,6.5
2012-06-29,129,6.52
2012-07-02,130,6.61
2012-07-03,131,6.44
2012-07-04,132,6.44
2012-07-05,133,6.6
2012-07-06,134,6.59
2012-07-09,135,6.94
2012-07-10,136,7.08
2012-07-11,137,7.14
2012-07-12,138,7.59
2012-07-13,139,7.59
2012-07-16,140,8.3
2012-07-17,141,8.55
2012-07-18,142,9.0
2012-07-19,143,8.76
2012-07-20,144,8.44
2012-07-23,145,8.59
2012-07-24,146,8.61
2012-07-25,147,8.64
2012-07-26,148,8.75
2012-07-27,149,8.83
2012-07-30,150,9.0
2012-07-31,151,9.28
2012-08-01,152,9.45
2012-08-02,153,10.44
2012-08-03,154,10.79
2012-08-06,155,10.84
2012-08-07,156,10.75
2012-08-08,157,10.99
2012-08-09,158,11.0
2012-08-10,159,11.32
2012-08-13,160,11.89
2012-08-14,161,12.25
2012-08-15,162,13.01
2012-08-16,163,13.42
2012-08-17,164,12.5
2012-08-20,165,10.05
2012-08-21,166,10.18
2012-08-22,167,9.96
2012-08-23,168,10.02
2012-08-24,169,10.37
2012-08-27,170,10.78
2012-08-28,171,11.0
2012-08-29,172,10.78
2012-08-30,173,10.65
2012-08-31,174,10.16
2012-09-03,175,10.55
2012-09-04,176,10.36
2012-09-05,177,10.99
2012-09-06,178,11.02
2012-09-07,179,11.03
2012-09-10,180,10.95
2012-09-11,181,11.04
2012-09-12,182,11.14
2012-09-13,183,11.3
2012-09-14,184,11.5
2012-09-17,185,11.85
2012-09-18,186,11.91
2012-09-19,187,12.32
2012-09-20,188,12.28
2012-09-21,189,12.19
2012-09-24,190,11.9
2012-09-25,191,11.75
2012-09-26,192,12.2
2012-09-27,193,12.22
2012-09-28,194,12.28
2012-10-01,195,12.14
2012-10-02,196,12.64
2012-10-03,197,12.9
2012-10-04,198,12.57
2012-10-05,199,12.5
2012-10-08,200,11.62
2012-10-09,201,11.99
2012-10-10,202,12.24
2012-10-11,203,12.09
2012-10-12,204,11.9
2012-10-15,205,11.66
2012-10-16,206,11.92
2012-10-17,207,11.88
2012-10-18,208,11.8
2012-10-19,209,11.67
2012-10-22,210,11.49
2012-10-23,211,11.58
2012-10-24,212,11.4
2012-10-25,213,10.55
2012-10-26,214,10.0
2012-10-29,215,10.8
2012-10-30,216,10.8
2012-10-31,217,11.0
2012-11-01,218,10.85
2012-11-02,219,10.67
2012-11-05,220,10.78
2012-11-06,221,10.74
2012-11-07,222,10.8
2012-11-08,223,10.81
2012-11-09,224,10.8
2012-11-12,225,10.87
2012-11-13,226,10.87
2012-11-14,227,10.97
2012-11-15,228,11.05
2012-11-16,229,11.46
2012-11-19,230,11.65
2012-11-20,231,11.65
2012-11-21,232,11.67
2012-11-22,233,11.88
2012-11-23,234,12.16
2012-11-26,235,12.2
2012-11-27,236,12.07
2012-11-28,237,12.22
2012-11-29,238,12.37
2012-11-30,239,12.43
2012-12-03,240,12.6
2012-12-04,241,12.59
2012-12-05,242,13.2
2012-12-06,243,13.45
2012-12-07,244,13.37
2012-12-10,245,13.3
2012-12-11,246,13.35
2012-12-12,247,13.49
2012-12-13,248,13.52
2012-12-14,249,13.51
2012-12-17,250,13.2
2012-12-18,251,13.13
2012-12-19,252,13.4
2012-12-20,253,13.35
2012-12-21,254,13.2
2012-12-24,255,13.23
2012-12-25,256,13.24
2012-12-26,257,13.18
2012-12-27,258,13.2
2012-12-28,259,13.18
2012-12-31,260,13.24
2013-01-01,261,13.22
2013-01-02,262,13.09
2013-01-03,263,13.19
2013-01-04,264,13.19
2013-01-07,265,13.2
2013-01-08,266,13.5
2013-01-09,267,13.58
2013-01-10,268,14.0
2013-01-11,269,14.0
2013-01-14,270,14.1
2013-01-15,271,14.2
2013-01-16,272,14.53
2013-01-17,273,15.36
2013-01-18,274,15.57
2013-01-21,275,16.52
2013-01-22,276,17.35
2013-01-23,277,17.5
2013-01-24,278,17.29
2013-01-25,279,17.49
2013-01-28,280,18.67
2013-01-29,281,19.35
2013-01-30,282,19.45
2013-01-31,283,20.46
2013-02-01,284,20.35
2013-02-04,285,20.3
2013-02-05,286,20.5
2013-02-06,287,20.91
2013-02-07,288,21.71
2013-02-08,289,22.4
2013-02-11,290,23.94
2013-02-12,291,25.47
2013-02-13,292,25.0
2013-02-14,293,27.4
2013-02-15,294,27.0
2013-02-18,295,26.92
2013-02-19,296,29.39
2013-02-20,297,30.0
2013-02-21,298,30.0
2013-02-22,299,30.4
2013-02-25,300,30.43
2013-02-26,301,31.1
2013-02-27,302,31.31
2013-02-28,303,33.53
2013-03-01,304,34.55
2013-03-04,305,36.52
2013-03-05,306,40.75
2013-03-06,307,42.32
2013-03-07,308,41.68
2013-03-08,309,43.76
2013-03-11,310,48.25
2013-03-12,311,44.84
2013-03-13,312,46.99
2013-03-14,313,46.95
2013-03-15,314,46.9
2013-03-18,315,50.35
2013-03-19,316,59.41
2013-03-20,317,64.2
2013-03-21,318,72.23
2013-03-22,319,69.9
2013-03-25,320,75.11
2013-03-26,321,79.81
2013-03-27,322,89.3
2013-03-28,323,88.52
2013-03-29,324,90.0
2013-04-01,325,104.7
2013-04-02,326,116.0
2013-04-03,327,133.78
2013-04-04,328,135.0
2013-04-05,329,141.8
2013-04-08,330,185.6
2013-04-09,331,229.0
2013-04-10,332,162.0
2013-04-11,333,83.4
2013-04-12,334,109.9
2013-04-15,335,74.0
2013-04-16,336,68.09
2013-04-17,337,89.98
2013-04-18,338,109.3
2013-04-19,339,117.71
2013-04-22,340,123.74
2013-04-23,341,137.29
2013-04-24,342,149.0
2013-04-25,343,141.9
2013-04-26,344,137.3
2013-04-29,345,143.31
2013-04-30,346,139.88
2013-05-01,347,116.75
2013-05-02,348,106.81
2013-05-03,349,98.08
2013-05-06,350,112.71
2013-05-07,351,110.0
2013-05-08,352,113.16
2013-05-09,353,111.96
2013-05-10,354,117.9
2013-05-13,355,115.99
2013-05-14,356,107.0
2013-05-15,357,108.95
2013-05-16,358,113.35
2013-05-17,359,116.73
2013-05-20,360,116.55
2013-05-21,361,117.5
2013-05-22,362,119.11
2013-05-23,363,123.84
2013-05-24,364,128.7
2013-05-27,365,126.25
2013-05-28,366,125.92
2013-05-29,367,130.35
2013-05-30,368,126.81
2013-05-31,369,127.91
2013-06-03,370,123.22
2013-06-04,371,120.57
2013-06-05,372,121.2
2013-06-06,373,118.78
2013-06-07,374,110.18
2013-06-10,375,104.22
2013-06-11,376,107.36
2013-06-12,377,106.56
2013-06-13,378,102.0
2013-06-14,379,99.01
2013-06-17,380,100.0
2013-06-18,381,104.5
2013-06-19,382,105.24
2013-06-20,383,102.61
2013-06-21,384,101.8
2013-06-24,385,99.47
2013-06-25,386,97.87
2013-06-26,387,98.77
2013-06-27,388,96.31
2013-06-28,389,89.96
2013-07-01,390,84.5
2013-07-02,391,88.0
2013-07-03,392,77.01
2013-07-04,393,79.4
2013-07-05,394,66.93
2013-07-08,395,74.4
2013-07-09,396,75.01
2013-07-10,397,86.19
2013-07-11,398,87.13
2013-07-12,399,90.17
2013-07-15,400,93.78
2013-07-16,401,91.55
2013-07-17,402,90.97
2013-07-18,403,85.28
2013-07-19,404,86.51
2013-07-22,405,85.6
2013-07-23,406,86.98
2013-07-24,407,88.42
2013-07-25,408,90.16
2013-07-26,409,89.95
2013-07-29,410,93.39
2013-07-30,411,96.57
2013-07-31,412,98.28
2013-08-01,413,96.62
2013-08-02,414,95.85
2013-08-05,415,97.81
2013-08-06,416,97.69
2013-08-07,417,97.09
2013-08-08,418,94.27
2013-08-09,419,92.27
2013-08-12,420,95.35
2013-08-13,421,98.15
2013-08-14,422,99.19
2013-08-15,423,98.08
2013-08-16,424,98.25
2013-08-19,425,102.85
2013-08-20,426,104.87
2013-08-21,427,110.43
2013-08-22,428,109.12
2013-08-23,429,107.65
2013-08-26,430,111.9
2013-08-27,431,117.75
2013-08-28,432,117.91
2013-08-29,433,118.5
2013-08-30,434,124.86
2013-09-02,435,130.15
2013-09-03,436,129.18
2013-09-04,437,122.81
2013-09-05,438,122.5
2013-09-06,439,117.67
2013-09-09,440,121.68
2013-09-10,441,122.07
2013-09-11,442,127.55
2013-09-12,443,126.38
2013-09-13,444,127.71
2013-09-16,445,126.27
2013-09-17,446,126.92
2013-09-18,447,127.0
2013-09-19,448,124.18
2013-09-20,449,122.91
2013-09-23,450,122.63
2013-09-24,451,123.86
2013-09-25,452,123.25
2013-09-26,453,124.84
2013-09-27,454,126.95
2013-09-30,455,126.25
2013-10-01,456,127.33
2013-10-02,457,103.85
2013-10-03,458,117.63
2013-10-04,459,121.94
2013-10-07,460,123.5
2013-10-08,461,124.13
2013-10-09,462,125.9
2013-10-10,463,126.8
2013-10-11,464,127.38
2013-10-14,465,135.42
2013-10-15,466,142.76
2013-10-16,467,137.56
2013-10-17,468,143.94
2013-10-18,469,152.89
2013-10-21,470,180.13
2013-10-22,471,189.75
2013-10-23,472,203.96
2013-10-24,473,193.87
2013-10-25,474,186.6
2013-10-28,475,196.62
2013-10-29,476,204.69
2013-10-30,477,197.54
2013-10-31,478,203.54
2013-11-01,479,202.15
2013-11-04,480,226.83
2013-11-05,481,242.9
2013-11-06,482,263.24
2013-11-07,483,291.0
2013-11-08,484,334.0
2013-11-11,485,343.91
2013-11-12,486,354.96
2013-11-13,487,393.5
2013-11-14,488,416.95
2013-11-15,489,412.0
2013-11-18,490,669.01
2013-11-19,491,536.01
2013-11-20,492,599.0
2013-11-21,493,720.0
2013-11-22,494,795.0
2013-11-25,495,817.88
2013-11-26,496,916.3
2013-11-27,497,963.98
2013-11-28,498,1012.98
2013-11-29,499,1131.99
2013-12-02,500,1047.47
2013-12-03,501,1055.0
2013-12-04,502,1132.01
2013-12-05,503,1023.87
2013-12-06,504,814.91
2013-12-09,505,899.9
2013-12-10,506,979.23
2013-12-11,507,879.04
2013-12-12,508,871.22
2013-12-13,509,885.98
2013-12-16,510,691.0
2013-12-17,511,673.62
2013-12-18,512,520.0
2013-12-19,513,685.0
2013-12-20,514,610.0
2013-12-23,515,654.76
2013-12-24,516,652.99
2013-12-25,517,679.01
2013-12-26,518,747.0
2013-12-27,519,721.08
2013-12-30,520,736.51
2013-12-31,521,732.0
2014-01-01,522,754.9
2014-01-02,523,784.19
2014-01-03,524,809.4
2014-01-06,525,919.24
2014-01-07,526,785.0
2014-01-08,527,823.45
2014-01-09,528,824.76
2014-01-10,529,852.61
2014-01-13,530,823.0
2014-01-14,531,815.99
2014-01-15,532,841.14
2014-01-16,533,814.4
2014-01-17,534,797.2
2014-01-20,535,826.02
2014-01-21,536,824.89
2014-01-22,537,819.2
2014-01-23,538,812.0
2014-01-24,539,780.0
2014-01-27,540,751.95
2014-01-28,541,788.0
2014-01-29,542,794.21
2014-01-30,543,799.99
2014-01-31,544,803.0
2014-02-03,545,808.5
2014-02-04,546,802.99
2014-02-05,547,782.33
2014-02-06,548,763.99
2014-02-07,549,705.01
2014-02-10,550,687.81
2014-02-11,551,675.1
2014-02-12,552,651.99
2014-02-13,553,604.11
2014-02-14,554,669.0
2014-02-17,555,633.66
2014-02-18,556,627.7
2014-02-19,557,623.01
2014-02-20,558,561.86
2014-02-21,559,581.35
2014-02-24,560,535.49
2014-02-25,561,535.0
2014-02-26,562,585.24
2014-02-27,563,583.0
2014-02-28,564,551.89
2014-03-03,565,677.69
2014-03-04,566,673.0
2014-03-05,567,669.99
2014-03-06,568,669.57
2014-03-07,569,632.79
2014-03-10,570,629.39
2014-03-11,571,632.1
2014-03-12,572,634.95
2014-03-13,573,641.01
2014-03-14,574,630.42
2014-03-17,575,621.11
2014-03-18,576,612.0
2014-03-19,577,611.2
2014-03-20,578,587.98
2014-03-21,579,570.0
2014-03-24,580,585.99
2014-03-25,581,583.77
2014-03-26,582,581.49
2014-03-27,583,475.0
2014-03-28,584,502.01
2014-03-31,585,454.83
2014-04-01,586,478.98
2014-04-02,587,439.0
2014-04-03,588,451.03
2014-04-04,589,452.2
2014-04-07,590,447.11
2014-04-08,591,453.57
2014-04-09,592,441.69
2014-04-10,593,363.12
2014-04-11,594,423.0
2014-04-14,595,458.5
2014-04-15,596,521.0
2014-04-16,597,530.0
2014-04-17,598,500.09
2014-04-18,599,483.11
2014-04-21,600,496.74
2014-04-22,601,490.0
2014-04-23,602,492.0
2014-04-24,603,502.2
2014-04-25,604,466.52
2014-04-28,605,442.9
2014-04-29,606,448.0
2014-04-30,607,448.85
2014-05-01,608,460.97
2014-05-02,609,454.5
2014-05-05,610,433.0
2014-05-06,611,428.01
2014-05-07,612,440.0
2014-05-08,613,437.69
2014-05-09,614,452.37
2014-05-12,615,442.5
2014-05-13,616,439.12
2014-05-14,617,446.0
2014-05-15,618,446.0
2014-05-16,619,447.31
2014-05-19,620,448.34
2014-05-20,621,489.0
2014-05-21,622,493.98
2014-05-22,623,529.99
2014-05-23,624,523.77
2014-05-26,625,581.88
2014-05-27,626,572.7
2014-05-28,627,580.66
2014-05-29,628,572.37
2014-05-30,629,621.0
2014-06-02,630,661.22
2014-06-03,631,670.14
2014-06-04,632,640.59
2014-06-05,633,661.48
2014-06-06,634,647.16
2014-06-09,635,648.83
2014-06-10,636,648.55
2014-06-11,637,620.5
2014-06-12,638,569.1
2014-06-13,639,592.0
2014-06-16,640,586.91
2014-06-17,641,606.48
2014-06-18,642,607.0
2014-06-19,643,593.4
2014-06-20,644,588.02
2014-06-23,645,588.22
2014-06-24,646,572.62
2014-06-25,647,560.4
2014-06-26,648,579.99
2014-06-27,649,599.99
2014-06-30,650,641.11
2014-07-01,651,638.25
2014-07-02,652,650.5
2014-07-03,653,645.99
2014-07-04,654,629.0
2014-07-07,655,622.09
2014-07-08,656,623.98
2014-07-09,657,621.97
2014-07-10,658,616.87
2014-07-11,659,635.0
2014-07-14,660,621.17
2014-07-15,661,622.9
2014-07-16,662,616.86
2014-07-17,663,622.2
2014-07-18,664,632.6
2014-07-21,665,622.73
2014-07-22,666,618.26
2014-07-23,667,621.0
2014-07-24,668,601.66
2014-07-25,669,602.93
2014-07-28,670,586.53
2014-07-29,671,585.95
2014-07-30,672,563.84
2014-07-31,673,582.04
2014-08-01,674,598.2
2014-08-04,675,588.5
2014-08-05,676,581.76
2014-08-06,677,581.16
2014-08-07,678,585.84
2014-08-08,679,588.02
2014-08-11,680,573.98
2014-08-12,681,566.69
2014-08-13,682,548.81
2014-08-14,683,507.99
2014-08-15,684,500.25
2014-08-18,685,475.22
2014-08-19,686,491.98
2014-08-20,687,516.39
2014-08-21,688,519.28
2014-08-22,689,514.65
2014-08-25,690,503.82
2014-08-26,691,512.18
2014-08-27,692,511.87
2014-08-28,693,506.0
2014-08-29,694,509.3
2014-09-01,695,474.54
2014-09-02,696,474.5
2014-09-03,697,474.89
2014-09-04,698,487.43
2014-09-05,699,477.65
2014-09-08,700,468.33
2014-09-09,701,473.2
2014-09-10,702,476.57
2014-09-11,703,475.9
2014-09-12,704,474.62
2014-09-15,705,469.47
2014-09-16,706,462.02
2014-09-17,707,457.334015
2014-09-18,708,424.440002
2014-09-19,709,394.79599
2014-09-22,710,402.152008
2014-09-23,711,435.790985
2014-09-24,712,423.204987
2014-09-25,713,411.574005
2014-09-26,714,404.424988
2014-09-29,715,375.46701
2014-09-30,716,386.944
2014-10-01,717,383.61499
2014-10-02,718,375.071991
2014-10-03,719,359.511993
2014-10-06,720,330.07901
2014-10-07,721,336.187012
2014-10-08,722,352.940002
2014-10-09,723,365.026001
2014-10-10,724,361.562012
2014-10-13,725,390.414001
2014-10-14,726,400.869995
2014-10-15,727,394.77301
2014-10-16,728,382.556
2014-10-17,729,383.757996
2014-10-20,730,382.845001
2014-10-21,731,386.475006
2014-10-22,732,383.15799
2014-10-23,733,358.416992
2014-10-24,734,358.345001
2014-10-27,735,352.989014
2014-10-28,736,357.618011
2014-10-29,737,335.591003
2014-10-30,738,345.304993
2014-10-31,739,338.321014
2014-11-03,740,327.553986
2014-11-04,741,330.492004
2014-11-05,742,339.485992
2014-11-06,743,349.290009
2014-11-07,744,342.415009
2014-11-10,745,366.924011
2014-11-11,746,367.695007
2014-11-12,747,423.561005
2014-11-13,748,420.734985
2014-11-14,749,397.817993
2014-11-17,750,387.40799
2014-11-18,751,375.197998
2014-11-19,752,380.554993
2014-11-20,753,357.839996
2014-11-21,754,350.847992
2014-11-24,755,376.901001
2014-11-25,756,375.347992
2014-11-26,757,368.369995
2014-11-27,758,369.670013
2014-11-28,759,376.446991
2014-12-01,760,379.244995
2014-12-02,761,381.315002
2014-12-03,762,375.01001
2014-12-04,763,369.604004
2014-12-05,764,376.854004
2014-12-08,765,361.908997
2014-12-09,766,352.218994
2014-12-10,767,346.36499
2014-12-11,768,350.506012
2014-12-12,769,352.541992
2014-12-15,770,345.345001
2014-12-16,771,327.062012
2014-12-17,772,319.776001
2014-12-18,773,311.395996
2014-12-19,774,317.842987
2014-12-22,775,331.885986
2014-12-23,776,334.571991
2014-12-24,777,322.533997
2014-12-25,778,319.007996
2014-12-26,779,327.924011
2014-12-29,780,312.670013
2014-12-30,781,310.737
2014-12-31,782,320.192993
2015-01-01,783,314.248993
2015-01-02,784,315.032013
2015-01-05,785,274.473999
2015-01-06,786,286.188995
2015-01-07,787,294.337006
2015-01-08,788,283.348999
2015-01-09,789,290.40799
2015-01-12,790,267.79599
2015-01-13,791,225.860992
2015-01-14,792,178.102997
2015-01-15,793,209.843994
2015-01-16,794,208.097
2015-01-19,795,214.860992
2015-01-20,796,211.315002
2015-01-21,797,226.897003
2015-01-22,798,233.406006
2015-01-23,799,232.878998
2015-01-26,800,273.472992
2015-01-27,801,263.475006
2015-01-28,802,233.914993
2015-01-29,803,233.513
2015-01-30,804,226.425003
2015-02-02,805,238.229004
2015-02-03,806,227.268005
2015-02-04,807,226.852997
2015-02-05,808,217.110992
2015-02-06,809,222.266006
2015-02-09,810,220.110001
2015-02-10,811,219.839005
2015-02-11,812,219.184998
2015-02-12,813,221.764008
2015-02-13,814,235.427002
2015-02-16,815,233.843002
2015-02-17,816,243.610001
2015-02-18,817,236.326004
2015-02-19,818,240.283005
2015-02-20,819,243.779007
2015-02-23,820,238.891998
2015-02-24,821,238.735001
2015-02-25,822,237.470001
2015-02-26,823,236.425995
2015-02-27,824,253.828003
2015-03-02,825,275.670013
2015-03-03,826,281.701996
2015-03-04,827,273.09201
2015-03-05,828,276.178009
2015-03-06,829,272.722992
2015-03-09,830,289.606995
2015-03-10,831,291.76001
2015-03-11,832,296.378998
2015-03-12,833,294.354004
2015-03-13,834,285.337006
2015-03-16,835,290.592987
2015-03-17,836,285.505005
2015-03-18,837,256.299011
2015-03-19,838,260.928009
2015-03-20,839,261.748993
2015-03-23,840,266.73999
2015-03-24,841,245.595001
2015-03-25,842,246.197006
2015-03-26,843,248.531998
2015-03-27,844,247.029007
2015-03-30,845,247.526001
2015-03-31,846,244.223999
2015-04-01,847,247.272003
2015-04-02,848,253.005005
2015-04-03,849,254.322006
2015-04-06,850,255.492004
2015-04-07,851,253.179993
2015-04-08,852,245.022003
2015-04-09,853,243.675995
2015-04-10,854,236.072006
2015-04-13,855,224.587006
2015-04-14,856,219.158997
2015-04-15,857,223.832993
2015-04-16,858,228.572998
2015-04-17,859,222.882004
2015-04-20,860,224.626007
2015-04-21,861,235.268997
2015-04-22,862,234.175995
2015-04-23,863,236.462006
2015-04-24,864,231.268005
2015-04-27,865,229.285995
2015-04-28,866,225.854996
2015-04-29,867,225.807999
2015-04-30,868,236.145004
2015-05-01,869,232.078995
2015-05-04,870,239.018005
2015-05-05,871,236.121002
2015-05-06,872,229.781998
2015-05-07,873,237.334
2015-05-08,874,243.863007
2015-05-11,875,242.158005
2015-05-12,876,241.112
2015-05-13,877,236.376999
2015-05-14,878,236.929001
2015-05-15,879,237.604996
2015-05-18,880,233.128006
2015-05-19,881,231.947006
2015-05-20,882,234.018005
2015-05-21,883,235.343994
2015-05-22,884,240.348007
2015-05-25,885,237.110001
2015-05-26,886,237.115997
2015-05-27,887,237.283005
2015-05-28,888,237.408005
2015-05-29,889,237.095993
2015-06-01,890,222.925995
2015-06-02,891,225.802994
2015-06-03,892,225.873993
2015-06-04,893,224.324005
2015-06-05,894,224.951996
2015-06-08,895,228.488998
2015-06-09,896,229.048004
2015-06-10,897,228.802994
2015-06-11,898,229.705002
2015-06-12,899,229.981995
2015-06-15,900,236.822998
2015-06-16,901,250.895004
2015-06-17,902,249.283997
2015-06-18,903,249.007004
2015-06-19,904,244.606003
2015-06-22,905,246.990005
2015-06-23,906,244.296005
2015-06-24,907,240.514999
2015-06-25,908,242.798996
2015-06-26,909,243.593994
2015-06-29,910,257.063995
2015-06-30,911,263.071991
2015-07-01,912,258.621002
2015-07-02,913,255.412003
2015-07-03,914,256.335999
2015-07-06,915,269.029999
2015-07-07,916,266.207001
2015-07-08,917,270.785004
2015-07-09,918,269.227997
2015-07-10,919,284.894012
2015-07-13,920,292.053986
2015-07-14,921,287.463989
2015-07-15,922,285.82901
2015-07-16,923,278.088989
2015-07-17,924,279.471985
2015-07-20,925,278.980988
2015-07-21,926,275.833008
2015-07-22,927,277.221985
2015-07-23,928,276.049011
2015-07-24,929,288.278015
2015-07-27,930,293.623993
2015-07-28,931,294.427002
2015-07-29,932,289.589996
2015-07-30,933,287.721985
2015-07-31,934,284.649994
2015-08-03,935,281.22699
2015-08-04,936,285.217987
2015-08-05,937,281.881989
2015-08-06,938,278.576996
2015-08-07,939,279.584991
2015-08-10,940,264.470001
2015-08-11,941,270.385986
2015-08-12,942,266.376007
2015-08-13,943,264.079987
2015-08-14,944,265.679993
2015-08-17,945,257.976013
2015-08-18,946,211.078995
2015-08-19,947,226.684006
2015-08-20,948,235.350006
2015-08-21,949,232.569
2015-08-24,950,210.494995
2015-08-25,951,221.608994
2015-08-26,952,225.830994
2015-08-27,953,224.768997
2015-08-28,954,231.395996
2015-08-31,955,230.056
2015-09-01,956,228.121002
2015-09-02,957,229.283997
2015-09-03,958,227.182999
2015-09-04,959,230.298004
2015-09-07,960,239.847
2015-09-08,961,243.606995
2015-09-09,962,238.167999
2015-09-10,963,238.477005
2015-09-11,964,240.106995
2015-09-14,965,230.643997
2015-09-15,966,230.304001
2015-09-16,967,229.091003
2015-09-17,968,229.809998
2015-09-18,969,232.975006
2015-09-21,970,227.085007
2015-09-22,971,230.617996
2015-09-23,972,230.283005
2015-09-24,973,234.529007
2015-09-25,974,235.143997
2015-09-28,975,239.141998
2015-09-29,976,236.686996
2015-09-30,977,236.059998
2015-10-01,978,237.548996
2015-10-02,979,237.292999
2015-10-05,980,240.382996
2015-10-06,981,246.063004
2015-10-07,982,242.968994
2015-10-08,983,242.304001
2015-10-09,984,243.931
2015-10-12,985,245.307999
2015-10-13,986,249.507996
2015-10-14,987,251.988998
2015-10-15,988,254.320007
2015-10-16,989,262.868988
2015-10-19,990,263.437012
2015-10-20,991,269.463013
2015-10-21,992,266.272003
2015-10-22,993,274.02301
2015-10-23,994,276.496002
2015-10-26,995,285.299988
2015-10-27,996,293.787994
2015-10-28,997,304.618011
2015-10-29,998,313.855011
2015-10-30,999,328.015015
2015-11-02,1000,361.188995
2015-11-03,1001,403.416992
2015-11-04,1002,411.562988
2015-11-05,1003,386.354004
2015-11-06,1004,374.470001
2015-11-09,1005,380.256989
2015-11-10,1006,336.819
2015-11-11,1007,311.084015
2015-11-12,1008,338.152008
2015-11-13,1009,336.752991
2015-11-16,1010,330.751007
2015-11-17,1011,335.093994
2015-11-18,1012,334.589996
2015-11-19,1013,326.148987
2015-11-20,1014,322.022003
2015-11-23,1015,323.04599
2015-11-24,1016,320.04599
2015-11-25,1017,328.205994
2015-11-26,1018,352.68399
2015-11-27,1019,358.041992
2015-11-30,1020,377.321014
2015-12-01,1021,362.488007
2015-12-02,1022,359.187012
2015-12-03,1023,361.04599
2015-12-04,1024,363.183014
2015-12-07,1025,395.536011
2015-12-08,1026,415.562988
2015-12-09,1027,417.562988
2015-12-10,1028,415.479004
2015-12-11,1029,451.937988
2015-12-14,1030,444.182007
2015-12-15,1031,465.321014
2015-12-16,1032,454.93399
2015-12-17,1033,456.078003
2015-12-18,1034,463.615997
2015-12-21,1035,438.639008
2015-12-22,1036,436.571991
2015-12-23,1037,442.401001
2015-12-24,1038,454.984985
2015-12-25,1039,455.653015
2015-12-28,1040,422.278992
2015-12-29,1041,432.983002
2015-12-30,1042,426.619995
2015-12-31,1043,430.566986
2016-01-01,1044,434.334015
2016-01-04,1045,433.091003
2016-01-05,1046,431.959991
2016-01-06,1047,429.105011
2016-01-07,1048,458.048004
2016-01-08,1049,453.230011
2016-01-11,1050,448.428009
2016-01-12,1051,435.690002
2016-01-13,1052,432.371002
2016-01-14,1053,430.306
2016-01-15,1054,364.330994
2016-01-18,1055,387.167999
2016-01-19,1056,380.148987
2016-01-20,1057,420.230011
2016-01-21,1058,410.261993
2016-01-22,1059,382.492004
2016-01-25,1060,391.726013
2016-01-26,1061,392.153015
2016-01-27,1062,394.971985
2016-01-28,1063,380.289001
2016-01-29,1064,379.473999
2016-02-01,1065,373.056
2016-02-02,1066,374.447998
2016-02-03,1067,369.949005
2016-02-04,1068,389.593994
2016-02-05,1069,386.549011
2016-02-08,1070,373.446991
2016-02-09,1071,376.028992
2016-02-10,1072,381.648987
2016-02-11,1073,379.653992
2016-02-12,1074,384.263
2016-02-15,1075,400.184998
2016-02-16,1076,407.488007
2016-02-17,1077,416.321991
2016-02-18,1078,422.372986
2016-02-19,1079,420.785004
2016-02-22,1080,437.747986
2016-02-23,1081,420.735992
2016-02-24,1082,424.954987
2016-02-25,1083,424.544006
2016-02-26,1084,432.152008
2016-02-29,1085,437.696991
2016-03-01,1086,435.122986
2016-03-02,1087,423.989014
2016-03-03,1088,421.651001
2016-03-04,1089,410.938995
2016-03-07,1090,414.321014
2016-03-08,1091,413.971985
2016-03-09,1092,414.859985
2016-03-10,1093,417.131012
2016-03-11,1094,421.690002
2016-03-14,1095,416.437988
2016-03-15,1096,416.829987
2016-03-16,1097,417.010986
2016-03-17,1098,420.621002
2016-03-18,1099,409.548004
2016-03-21,1100,413.307007
2016-03-22,1101,418.088989
2016-03-23,1102,418.040985
2016-03-24,1103,416.394012
2016-03-25,1104,417.177002
2016-03-28,1105,424.230988
2016-03-29,1106,416.515991
2016-03-30,1107,414.81601
2016-03-31,1108,416.729004
2016-04-01,1109,417.959991
2016-04-04,1110,421.444
2016-04-05,1111,424.029999
2016-04-06,1112,423.412994
2016-04-07,1113,422.744995
2016-04-08,1114,420.348999
2016-04-11,1115,422.483002
2016-04-12,1116,425.190002
2016-04-13,1117,423.734009
2016-04-14,1118,424.282013
2016-04-15,1119,429.713013
2016-04-18,1120,428.591003
2016-04-19,1121,435.509003
2016-04-20,1122,441.389008
2016-04-21,1123,449.424988
2016-04-22,1124,445.737
2016-04-25,1125,461.425995
2016-04-26,1126,466.088989
2016-04-27,1127,444.687012
2016-04-28,1128,449.010986
2016-04-29,1129,455.096985
2016-05-02,1130,444.669006
2016-05-03,1131,450.303986
2016-05-04,1132,446.721985
2016-05-05,1133,447.976013
2016-05-06,1134,459.602997
2016-05-09,1135,460.483002
2016-05-10,1136,450.894989
2016-05-11,1137,452.727997
2016-05-12,1138,454.765991
2016-05-13,1139,455.670013
2016-05-16,1140,454.162994
2016-05-17,1141,453.78299
2016-05-18,1142,454.618988
2016-05-19,1143,438.714996
2016-05-20,1144,442.675995
2016-05-23,1145,444.154999
2016-05-24,1146,445.980988
2016-05-25,1147,449.598999
2016-05-26,1148,453.384003
2016-05-27,1149,473.463989
2016-05-30,1150,533.864014
2016-05-31,1151,531.385986
2016-06-01,1152,536.919983
2016-06-02,1153,537.971985
2016-06-03,1154,569.19397
2016-06-06,1155,585.536987
2016-06-07,1156,576.596985
2016-06-08,1157,581.64502
2016-06-09,1158,574.630005
2016-06-10,1159,577.469971
2016-06-13,1160,704.375977
2016-06-14,1161,685.559021
2016-06-15,1162,694.468994
2016-06-16,1163,766.307983
2016-06-17,1164,748.908997
2016-06-20,1165,737.226013
2016-06-21,1166,666.651978
2016-06-22,1167,596.116028
2016-06-23,1168,623.97699
2016-06-24,1169,665.299011
2016-06-27,1170,655.275024
2016-06-28,1171,647.000977
2016-06-29,1172,639.890015
2016-06-30,1173,673.336975
2016-07-01,1174,676.296021
2016-07-04,1175,683.661987
2016-07-05,1176,670.627014
2016-07-06,1177,677.330994
2016-07-07,1178,640.562012
2016-07-08,1179,666.52301
2016-07-11,1180,647.658997
2016-07-12,1181,664.551025
2016-07-13,1182,654.468018
2016-07-14,1183,658.078003
2016-07-15,1184,663.255005
2016-07-18,1185,673.106018
2016-07-19,1186,672.864014
2016-07-20,1187,665.684998
2016-07-21,1188,665.012024
2016-07-22,1189,650.619019
2016-07-25,1190,654.096985
2016-07-26,1191,651.783997
2016-07-27,1192,654.35199
2016-07-28,1193,655.034973
2016-07-29,1194,656.992004
2016-08-01,1195,606.271973
2016-08-02,1196,547.465027
2016-08-03,1197,566.35498
2016-08-04,1198,578.289001
2016-08-05,1199,575.04303
2016-08-08,1200,591.054016
2016-08-09,1201,587.801025
2016-08-10,1202,592.103027
2016-08-11,1203,589.119995
2016-08-12,1204,587.559021
2016-08-15,1205,567.23999
2016-08-16,1206,577.439026
2016-08-17,1207,573.216003
2016-08-18,1208,574.317993
2016-08-19,1209,575.630005
2016-08-22,1210,586.752991
2016-08-23,1211,583.414978
2016-08-24,1212,580.182007
2016-08-25,1213,577.760986
2016-08-26,1214,579.651001
2016-08-29,1215,574.106995
2016-08-30,1216,577.502991
2016-08-31,1217,575.471985
2016-09-01,1218,572.302979
2016-09-02,1219,575.536987
2016-09-05,1220,606.590027
2016-09-06,1221,610.435974
2016-09-07,1222,614.544006
2016-09-08,1223,626.315979
2016-09-09,1224,622.861023
2016-09-12,1225,608.242981
2016-09-13,1226,609.241028
2016-09-14,1227,610.684021
2016-09-15,1228,607.155029
2016-09-16,1229,606.973022
2016-09-19,1230,609.22699
2016-09-20,1231,608.312012
2016-09-21,1232,597.148987
2016-09-22,1233,596.297974
2016-09-23,1234,602.84198
2016-09-26,1235,608.04303
2016-09-27,1236,606.166016
2016-09-28,1237,604.728027
2016-09-29,1238,605.692993
2016-09-30,1239,609.734985
2016-10-03,1240,612.132996
2016-10-04,1241,610.203979
2016-10-05,1242,612.510986
2016-10-06,1243,613.020996
2016-10-07,1244,617.120972
2016-10-10,1245,618.994019
2016-10-11,1246,641.072021
2016-10-12,1247,636.192017
2016-10-13,1248,636.786011
2016-10-14,1249,640.377991
2016-10-17,1250,639.192993
2016-10-18,1251,637.960022
2016-10-19,1252,630.52002
2016-10-20,1253,630.856995
2016-10-21,1254,632.828003
2016-10-24,1255,653.760986
2016-10-25,1256,657.588013
2016-10-26,1257,678.304016
2016-10-27,1258,688.312988
2016-10-28,1259,689.651001
2016-10-31,1260,700.971985
2016-11-01,1261,729.79303
2016-11-02,1262,740.828979
2016-11-03,1263,688.700012
2016-11-04,1264,703.234985
2016-11-07,1265,703.130981
2016-11-08,1266,709.848022
2016-11-09,1267,723.27301
2016-11-10,1268,715.533997
2016-11-11,1269,716.411011
2016-11-14,1270,705.020996
2016-11-15,1271,711.619019
2016-11-16,1272,744.197998
2016-11-17,1273,740.97699
2016-11-18,1274,751.585022
2016-11-21,1275,739.247986
2016-11-22,1276,751.346985
2016-11-23,1277,744.593994
2016-11-24,1278,740.289001
2016-11-25,1279,741.648987
2016-11-28,1280,735.812988
2016-11-29,1281,735.604004
2016-11-30,1282,745.690979
2016-12-01,1283,756.773987
2016-12-02,1284,777.94397
2016-12-05,1285,758.700012
2016-12-06,1286,764.223999
2016-12-07,1287,768.132019
2016-12-08,1288,770.809998
2016-12-09,1289,772.794006
2016-12-12,1290,780.086975
2016-12-13,1291,780.55603
2016-12-14,1292,781.481018
2016-12-15,1293,778.088013
2016-12-16,1294,784.906982
2016-12-19,1295,792.713989
2016-12-20,1296,800.875977
2016-12-21,1297,834.281006
2016-12-22,1298,864.539978
2016-12-23,1299,921.984009
2016-12-26,1300,907.609985
2016-12-27,1301,933.197998
2016-12-28,1302,975.921021
2016-12-29,1303,973.497009
2016-12-30,1304,961.237976
2017-01-02,1305,1021.75
2017-01-03,1306,1043.839966
2017-01-04,1307,1154.72998
2017-01-05,1308,1013.380005
2017-01-06,1309,902.200989
2017-01-09,1310,902.828003
2017-01-10,1311,907.679016
2017-01-11,1312,777.757019
2017-01-12,1313,804.833984
2017-01-13,1314,823.984009
2017-01-16,1315,831.533997
2017-01-17,1316,907.937988
2017-01-18,1317,886.617981
2017-01-19,1318,899.072998
2017-01-20,1319,895.026001
2017-01-23,1320,921.012024
2017-01-24,1321,892.687012
2017-01-25,1322,901.541992
2017-01-26,1323,917.585999
2017-01-27,1324,919.75
2017-01-30,1325,920.382019
2017-01-31,1326,970.403015
2017-02-01,1327,989.02301
2017-02-02,1328,1011.799988
2017-02-03,1329,1029.910034
2017-02-06,1330,1038.150024
2017-02-07,1331,1061.349976
2017-02-08,1332,1063.069946
2017-02-09,1333,994.382996
2017-02-10,1334,988.674011
2017-02-13,1335,990.642029
2017-02-14,1336,1004.549988
2017-02-15,1337,1007.47998
2017-02-16,1338,1027.439941
2017-02-17,1339,1046.209961
2017-02-20,1340,1079.97998
2017-02-21,1341,1115.300049
2017-02-22,1342,1117.439941
2017-02-23,1343,1166.719971
2017-02-24,1344,1173.680054
2017-02-27,1345,1179.969971
2017-02-28,1346,1179.969971
2017-03-01,1347,1222.5
2017-03-02,1348,1251.01001
2017-03-03,1349,1274.98999
2017-03-06,1350,1272.829956
2017-03-07,1351,1223.540039
2017-03-08,1352,1150.0
2017-03-09,1353,1188.48999
2017-03-10,1354,1116.719971
2017-03-13,1355,1231.920044
2017-03-14,1356,1240.0
2017-03-15,1357,1249.609985
2017-03-16,1358,1187.810059
2017-03-17,1359,1100.22998
2017-03-20,1360,1054.22998
2017-03-21,1361,1120.540039
2017-03-22,1362,1049.140015
2017-03-23,1363,1038.589966
2017-03-24,1364,937.52002
2017-03-27,1365,1045.77002
2017-03-28,1366,1047.150024
2017-03-29,1367,1039.969971
2017-03-30,1368,1026.430054
2017-03-31,1369,1071.790039
2017-04-03,1370,1143.810059
2017-04-04,1371,1133.25
2017-04-05,1372,1124.780029
2017-04-06,1373,1182.680054
2017-04-07,1374,1176.900024
2017-04-10,1375,1187.130005
2017-04-11,1376,1205.01001
2017-04-12,1377,1200.369995
2017-04-13,1378,1169.280029
2017-04-14,1379,1167.540039
2017-04-17,1380,1193.910034
2017-04-18,1381,1211.670044
2017-04-19,1382,1210.290039
2017-04-20,1383,1229.079956
2017-04-21,1384,1222.050049
2017-04-24,1385,1250.150024
2017-04-25,1386,1265.48999
2017-04-26,1387,1281.079956
2017-04-27,1388,1317.72998
2017-04-28,1389,1316.47998
2017-05-01,1390,1421.599976
2017-05-02,1391,1452.819946
2017-05-03,1392,1490.089966
2017-05-04,1393,1537.670044
2017-05-05,1394,1555.449951
2017-05-08,1395,1723.349976
2017-05-09,1396,1755.359985
2017-05-10,1397,1787.130005
2017-05-11,1398,1848.569946
2017-05-12,1399,1724.23999
2017-05-15,1400,1738.430054
2017-05-16,1401,1734.449951
2017-05-17,1402,1839.089966
2017-05-18,1403,1888.650024
2017-05-19,1404,1987.709961
2017-05-22,1405,2173.399902
2017-05-23,1406,2320.419922
2017-05-24,1407,2443.639893
2017-05-25,1408,2304.97998
2017-05-26,1409,2202.419922
2017-05-29,1410,2255.610107
2017-05-30,1411,2175.469971
2017-05-31,1412,2286.409912
2017-06-01,1413,2407.879883
2017-06-02,1414,2488.550049
2017-06-05,1415,2686.810059
2017-06-06,1416,2863.199951
2017-06-07,1417,2732.159912
2017-06-08,1418,2805.620117
2017-06-09,1419,2823.810059
2017-06-12,1420,2659.629883
2017-06-13,1421,2717.02002
2017-06-14,1422,2506.370117
2017-06-15,1423,2464.580078
2017-06-16,1424,2518.560059
2017-06-19,1425,2589.600098
2017-06-20,1426,2721.790039
2017-06-21,1427,2689.100098
2017-06-22,1428,2705.409912
2017-06-23,1429,2744.909912
2017-06-26,1430,2478.449951
2017-06-27,1431,2552.449951
2017-06-28,1432,2574.790039
2017-06-29,1433,2539.320068
2017-06-30,1434,2480.840088
2017-07-03,1435,2564.060059
2017-07-04,1436,2601.639893
2017-07-05,1437,2601.98999
2017-07-06,1438,2608.560059
2017-07-07,1439,2518.659912
2017-07-10,1440,2372.560059
2017-07-11,1441,2337.790039
2017-07-12,1442,2398.840088
2017-07-13,1443,2357.899902
2017-07-14,1444,2233.340088
2017-07-17,1445,2228.409912
2017-07-18,1446,2318.879883
2017-07-19,1447,2273.429932
2017-07-20,1448,2817.600098
2017-07-21,1449,2667.76001
2017-07-24,1450,2754.860107
2017-07-25,1451,2576.47998
2017-07-26,1452,2529.449951
2017-07-27,1453,2671.780029
2017-07-28,1454,2809.01001
2017-07-31,1455,2875.340088
2017-08-01,1456,2718.26001
2017-08-02,1457,2710.669922
2017-08-03,1458,2804.72998
2017-08-04,1459,2895.889893
2017-08-07,1460,3378.939941
2017-08-08,1461,3419.939941
2017-08-09,1462,3342.469971
2017-08-10,1463,3381.280029
2017-08-11,1464,3650.620117
2017-08-14,1465,4325.129883
2017-08-15,1466,4181.930176
2017-08-16,1467,4376.629883
2017-08-17,1468,4331.689941
2017-08-18,1469,4160.620117
2017-08-21,1470,4001.73999
2017-08-22,1471,4100.52002
2017-08-23,1472,4151.52002
2017-08-24,1473,4334.680176
2017-08-25,1474,4371.600098
2017-08-28,1475,4382.660156
2017-08-29,1476,4579.02002
2017-08-30,1477,4565.299805
2017-08-31,1478,4703.390137
2017-09-01,1479,4892.009766
2017-09-04,1480,4236.310059
2017-09-05,1481,4376.529785
2017-09-06,1482,4597.120117
2017-09-07,1483,4599.879883
2017-09-08,1484,4228.75
2017-09-11,1485,4161.27002
2017-09-12,1486,4130.810059
2017-09-13,1487,3882.590088
2017-09-14,1488,3154.949951
2017-09-15,1489,3637.52002
2017-09-18,1490,4065.199951
2017-09-19,1491,3924.969971
2017-09-20,1492,3905.949951
2017-09-21,1493,3631.040039
2017-09-22,1494,3630.699951
2017-09-25,1495,3926.070068
2017-09-26,1496,3892.350098
2017-09-27,1497,4200.669922
2017-09-28,1498,4174.72998
2017-09-29,1499,4163.069824
2017-10-02,1500,4409.319824
2017-10-03,1501,4317.47998
2017-10-04,1502,4229.359863
2017-10-05,1503,4328.410156
2017-10-06,1504,4370.810059
2017-10-09,1505,4772.02002
2017-10-10,1506,4781.990234
2017-10-11,1507,4826.47998
2017-10-12,1508,5446.910156
2017-10-13,1509,5647.209961
2017-10-16,1510,5725.589844
2017-10-17,1511,5605.509766
2017-10-18,1512,5590.689941
2017-10-19,1513,5708.52002
2017-10-20,1514,6011.450195
2017-10-23,1515,5930.319824
2017-10-24,1516,5526.640137
2017-10-25,1517,5750.799805
2017-10-26,1518,5904.830078
2017-10-27,1519,5780.899902
2017-10-30,1520,6130.529785
2017-10-31,1521,6468.399902
2017-11-01,1522,6767.310059
2017-11-02,1523,7078.5
2017-11-03,1524,7207.759766
2017-11-06,1525,7022.759766
2017-11-07,1526,7144.379883
2017-11-08,1527,7459.689941
2017-11-09,1528,7143.580078
2017-11-10,1529,6618.140137
2017-11-13,1530,6559.490234
2017-11-14,1531,6635.75
2017-11-15,1532,7315.540039
2017-11-16,1533,7871.689941
2017-11-17,1534,7708.990234
2017-11-20,1535,8200.639648
2017-11-21,1536,8071.259766
2017-11-22,1537,8253.549805
2017-11-23,1538,8038.77002
2017-11-24,1539,8253.69043
2017-11-27,1540,9818.349609
2017-11-28,1541,10058.799805
2017-11-29,1542,9888.610352
2017-11-30,1543,10233.599609
2017-12-01,1544,10975.599609
2017-12-04,1545,11657.200195
2017-12-05,1546,11916.700195
2017-12-06,1547,14291.5
2017-12-07,1548,17899.699219
2017-12-08,1549,16569.400391
2017-12-11,1550,16936.800781
2017-12-12,1551,17415.400391
2017-12-13,1552,16408.199219
2017-12-14,1553,16564.0
2017-12-15,1554,17706.900391
2017-12-18,1555,19114.199219
2017-12-19,1556,17776.699219
2017-12-20,1557,16624.599609
2017-12-21,1558,15802.900391
2017-12-22,1559,13831.799805
2017-12-25,1560,14026.599609
2017-12-26,1561,16099.799805
2017-12-27,1562,15838.5
2017-12-28,1563,14606.5
2017-12-29,1564,14656.200195
2018-01-01,1565,13657.200195
2018-01-02,1566,14982.099609
2018-01-03,1567,15201.0
2018-01-04,1568,15599.200195
2018-01-05,1569,17429.5
2018-01-08,1570,15170.099609
2018-01-09,1571,14595.400391
2018-01-10,1572,14973.299805
2018-01-11,1573,13405.799805
2018-01-12,1574,13980.599609
2018-01-15,1575,13819.799805
2018-01-16,1576,11490.5
2018-01-17,1577,11188.599609
2018-01-18,1578,11474.900391
2018-01-19,1579,11607.400391
2018-01-22,1580,10931.400391
2018-01-23,1581,10868.400391
2018-01-24,1582,11359.400391
2018-01-25,1583,11259.400391
2018-01-26,1584,11171.400391
2018-01-29,1585,11296.400391
2018-01-30,1586,10106.299805
2018-01-31,1587,10221.099609
2018-02-01,1588,9170.540039
2018-02-02,1589,8830.75
2018-02-05,1590,6955.27002
2018-02-06,1591,7754.0
2018-02-07,1592,7621.299805
2018-02-08,1593,8265.589844
2018-02-09,1594,8736.980469
2018-02-12,1595,8926.570313
2018-02-13,1596,8598.30957
2018-02-14,1597,9494.629883
2018-02-15,1598,10166.400391
2018-02-16,1599,10233.900391
2018-02-19,1600,11225.299805
2018-02-20,1601,11403.700195
2018-02-21,1602,10690.400391
2018-02-22,1603,10005.0
2018-02-23,1604,10301.099609
2018-02-26,1605,10366.700195
2018-02-27,1606,10725.599609
2018-02-28,1607,10397.900391
2018-03-01,1608,10951.0
2018-03-02,1609,11086.400391
2018-03-05,1610,11573.299805
2018-03-06,1611,10779.900391
2018-03-07,1612,9965.570313
2018-03-08,1613,9395.009766
2018-03-09,1614,9337.549805
2018-03-12,1615,9205.120117
2018-03-13,1616,9194.849609
2018-03-14,1617,8269.80957
2018-03-15,1618,8300.860352
2018-03-16,1619,8338.349609
2018-03-19,1620,8630.650391
2018-03-20,1621,8913.469727
2018-03-21,1622,8929.280273
2018-03-22,1623,8728.469727
2018-03-23,1624,8879.620117
2018-03-26,1625,8209.400391
2018-03-27,1626,7833.040039
2018-03-28,1627,7954.47998
2018-03-29,1628,7165.700195
2018-03-30,1629,6890.52002
2018-04-02,1630,7083.799805
2018-04-03,1631,7456.109863
2018-04-04,1632,6853.839844
2018-04-05,1633,6811.470215
2018-04-06,1634,6636.319824
2018-04-09,1635,6770.72998
2018-04-10,1636,6834.759766
2018-04-11,1637,6968.319824
2018-04-12,1638,7889.25
2018-04-13,1639,7895.959961
2018-04-16,1640,8058.669922
2018-04-17,1641,7902.089844
2018-04-18,1642,8163.419922
2018-04-19,1643,8294.30957
2018-04-20,1644,8845.830078
2018-04-23,1645,8930.879883
2018-04-24,1646,9697.5
2018-04-25,1647,8845.740234
2018-04-26,1648,9281.509766
2018-04-27,1649,8987.049805
2018-04-30,1650,9240.549805
2018-05-01,1651,9119.009766
2018-05-02,1652,9235.919922
2018-05-03,1653,9743.860352
2018-05-04,1654,9700.759766
2018-05-07,1655,9373.009766
2018-05-08,1656,9234.820313
2018-05-09,1657,9325.179688
2018-05-10,1658,9043.94043
2018-05-11,1659,8441.490234
2018-05-14,1660,8716.790039
2018-05-15,1661,8510.379883
2018-05-16,1662,8368.830078
2018-05-17,1663,8094.319824
2018-05-18,1664,8250.969727
2018-05-21,1665,8418.990234
2018-05-22,1666,8041.779785
2018-05-23,1667,7557.819824
2018-05-24,1668,7587.339844
2018-05-25,1669,7480.140137
2018-05-28,1670,7135.990234
2018-05-29,1671,7472.589844
2018-05-30,1672,7406.52002
2018-05-31,1673,7494.169922
2018-06-01,1674,7541.450195
2018-06-04,1675,7514.470215
2018-06-05,1676,7633.759766
2018-06-06,1677,7653.97998
2018-06-07,1678,7678.240234
2018-06-08,1679,7624.919922
2018-06-11,1680,6906.919922
2018-06-12,1681,6582.359863
2018-06-13,1682,6349.899902
2018-06-14,1683,6675.350098
2018-06-15,1684,6456.580078
2018-06-18,1685,6734.819824
2018-06-19,1686,6769.939941
2018-06-20,1687,6776.549805
2018-06-21,1688,6729.740234
2018-06-22,1689,6083.689941
2018-06-25,1690,6249.180176
2018-06-26,1691,6093.669922
2018-06-27,1692,6157.129883
2018-06-28,1693,5903.439941
2018-06-29,1694,6218.299805
2018-07-02,1695,6614.180176
2018-07-03,1696,6529.589844
2018-07-04,1697,6597.549805
2018-07-05,1698,6639.140137
2018-07-06,1699,6673.5
2018-07-09,1700,6741.75
2018-07-10,1701,6329.950195
2018-07-11,1702,6394.709961
2018-07-12,1703,6228.810059
2018-07-13,1704,6238.049805
2018-07-16,1705,6741.75
2018-07-17,1706,7321.040039
2018-07-18,1707,7370.779785
2018-07-19,1708,7466.859863
2018-07-20,1709,7354.129883
2018-07-23,1710,7711.109863
2018-07-24,1711,8424.269531
2018-07-25,1712,8181.390137
2018-07-26,1713,7951.580078
2018-07-27,1714,8165.009766
2018-07-30,1715,8180.47998
2018-07-31,1716,7780.439941
2018-08-01,1717,7624.910156
2018-08-02,1718,7567.149902
2018-08-03,1719,7434.390137
2018-08-06,1720,6951.799805
2018-08-07,1721,6753.120117
2018-08-08,1722,6305.799805
2018-08-09,1723,6568.22998
2018-08-10,1724,6184.709961
2018-08-13,1725,6297.569824
2018-08-14,1726,6199.709961
2018-08-15,1727,6308.52002
2018-08-16,1728,6334.72998
2018-08-17,1729,6580.629883
2018-08-20,1730,6308.529785
2018-08-21,1731,6488.759766
2018-08-22,1732,6376.709961
2018-08-23,1733,6534.879883
2018-08-24,1734,6719.959961
2018-08-27,1735,6884.640137
2018-08-28,1736,7096.279785
2018-08-29,1737,7047.160156
2018-08-30,1738,6978.22998
2018-08-31,1739,7037.580078
2018-09-03,1740,7260.060059
2018-09-04,1741,7361.660156
2018-09-05,1742,6792.830078
2018-09-06,1743,6529.169922
2018-09-07,1744,6467.069824
2018-09-10,1745,6329.700195
2018-09-11,1746,6321.200195
2018-09-12,1747,6351.799805
2018-09-13,1748,6517.310059
2018-09-14,1749,6512.709961
2018-09-17,1750,6281.200195
2018-09-18,1751,6371.299805
2018-09-19,1752,6398.540039
2018-09-20,1753,6519.669922
2018-09-21,1754,6734.950195
2018-09-24,1755,6595.410156
2018-09-25,1756,6446.470215
2018-09-26,1757,6495.0
2018-09-27,1758,6676.75
2018-09-28,1759,6644.129883
2018-10-01,1760,6589.620117
2018-10-02,1761,6556.100098
2018-10-03,1762,6502.589844
2018-10-04,1763,6576.689941
2018-10-05,1764,6622.47998
2018-10-08,1765,6652.22998
2018-10-09,1766,6642.640137
2018-10-10,1767,6585.529785
2018-10-11,1768,6256.240234
2018-10-12,1769,6274.580078
2018-10-15,1770,6596.540039
2018-10-16,1771,6596.109863
2018-10-17,1772,6544.430176
2018-10-18,1773,6476.709961
2018-10-19,1774,6465.410156
2018-10-22,1775,6487.160156
2018-10-23,1776,6475.740234
2018-10-24,1777,6495.839844
2018-10-25,1778,6476.290039
2018-10-26,1779,6474.75
2018-10-29,1780,6332.629883
2018-10-30,1781,6334.27002
2018-10-31,1782,6317.609863
2018-11-01,1783,6377.779785
2018-11-02,1784,6388.439941
2018-11-05,1785,6419.660156
2018-11-06,1786,6461.009766
2018-11-07,1787,6530.140137
2018-11-08,1788,6453.720215
2018-11-09,1789,6385.620117
2018-11-12,1790,6371.27002
2018-11-13,1791,6359.490234
2018-11-14,1792,5738.350098
2018-11-15,1793,5648.029785
2018-11-16,1794,5575.549805
2018-11-19,1795,4871.490234
2018-11-20,1796,4451.870117
2018-11-21,1797,4602.169922
2018-11-22,1798,4365.939941
2018-11-23,1799,4347.109863
2018-11-26,1800,3779.129883
2018-11-27,1801,3820.719971
2018-11-28,1802,4257.419922
2018-11-29,1803,4278.84668
2018-11-30,1804,4017.268555
2018-12-03,1805,3894.130859
2018-12-04,1806,3956.893799
2018-12-05,1807,3753.994873
2018-12-06,1808,3521.101807
2018-12-07,1809,3419.937256
2018-12-10,1810,3502.656006
2018-12-11,1811,3424.588135
2018-12-12,1812,3486.950195
2018-12-13,1813,3313.677246
2018-12-14,1814,3242.484863
2018-12-17,1815,3545.864746
2018-12-18,1816,3696.059082
2018-12-19,1817,3745.950684
2018-12-20,1818,4134.441406
2018-12-21,1819,3896.543701
2018-12-24,1820,4078.599121
2018-12-25,1821,3815.490723
2018-12-26,1822,3857.297607
2018-12-27,1823,3654.833496
2018-12-28,1824,3923.918701
2018-12-31,1825,3742.700439
2019-01-01,1826,3843.52002
2019-01-02,1827,3943.409424
2019-01-03,1828,3836.741211
2019-01-04,1829,3857.717529
2019-01-07,1830,4025.248291
2019-01-08,1831,4030.8479
2019-01-09,1832,4035.296387
2019-01-10,1833,3678.924561
2019-01-11,1834,3687.365479
2019-01-14,1835,3706.052246
2019-01-15,1836,3630.675293
2019-01-16,1837,3655.006836
2019-01-17,1838,3678.563965
2019-01-18,1839,3657.839355
2019-01-21,1840,3576.032471
2019-01-22,1841,3604.577148
2019-01-23,1842,3585.123047
2019-01-24,1843,3600.865479
2019-01-25,1844,3599.765869
2019-01-28,1845,3470.450439
2019-01-29,1846,3448.116943
2019-01-30,1847,3486.181641
2019-01-31,1848,3457.792725
2019-02-01,1849,3487.945313
2019-02-04,1850,3459.154053
2019-02-05,1851,3466.357422
2019-02-06,1852,3413.767822
2019-02-07,1853,3399.47168
2019-02-08,1854,3666.780273
2019-02-11,1855,3648.430664
2019-02-12,1856,3653.528564
2019-02-13,1857,3632.070557
2019-02-14,1858,3616.880859
2019-02-15,1859,3620.810791
2019-02-18,1860,3915.714355
2019-02-19,1861,3947.094482
2019-02-20,1862,3999.820557
2019-02-21,1863,3954.118164
2019-02-22,1864,4005.526611
2019-02-25,1865,3882.696289
2019-02-26,1866,3854.35791
2019-02-27,1867,3851.047363
2019-02-28,1868,3854.7854
2019-03-01,1869,3859.58374
2019-03-04,1870,3761.557129
2019-03-05,1871,3896.375
2019-03-06,1872,3903.942627
2019-03-07,1873,3911.484375
2019-03-08,1874,3901.131592
2019-03-11,1875,3905.227295
2019-03-12,1876,3909.15625
2019-03-13,1877,3906.717285
2019-03-14,1878,3924.369141
2019-03-15,1879,3960.911133
2019-03-18,1880,4032.507324
2019-03-19,1881,4071.190186
2019-03-20,1882,4087.476318
2019-03-21,1883,4029.326904
2019-03-22,1884,4023.968262
2019-03-25,1885,3963.070557
2019-03-26,1886,3985.080811
2019-03-27,1887,4087.066162
2019-03-28,1888,4069.107178
2019-03-29,1889,4098.374512
2019-04-01,1890,4158.183105
2019-04-02,1891,4879.87793
2019-04-03,1892,4973.021973
2019-04-04,1893,4922.798828
2019-04-05,1894,5036.681152
2019-04-08,1895,5289.770996
2019-04-09,1896,5204.958496
2019-04-10,1897,5324.551758
2019-04-11,1898,5064.487793
2019-04-12,1899,5089.539063
2019-04-15,1900,5067.108398
2019-04-16,1901,5235.55957
2019-04-17,1902,5251.937988
2019-04-18,1903,5298.385742
2019-04-19,1904,5303.8125
2019-04-22,1905,5399.365234
2019-04-23,1906,5572.362305
2019-04-24,1907,5464.866699
2019-04-25,1908,5210.515625
2019-04-26,1909,5279.348145
2019-04-29,1910,5247.352539
2019-04-30,1911,5350.726563
2019-05-01,1912,5402.697266
2019-05-02,1913,5505.283691
2019-05-03,1914,5768.289551
2019-05-06,1915,5746.807129
2019-05-07,1916,5829.501465
2019-05-08,1917,5982.45752
2019-05-09,1918,6174.528809
2019-05-10,1919,6378.849121
2019-05-13,1920,7814.915039
2019-05-14,1921,7994.416016
2019-05-15,1922,8205.167969
2019-05-16,1923,7884.90918
2019-05-17,1924,7343.895508
2019-05-20,1925,7978.309082
2019-05-21,1926,7963.327637
2019-05-22,1927,7680.066406
2019-05-23,1928,7881.84668
2019-05-24,1929,7987.371582
2019-05-27,1930,8805.77832
2019-05-28,1931,8719.961914
2019-05-29,1932,8659.487305
2019-05-30,1933,8319.472656
2019-05-31,1934,8574.501953
2019-06-03,1935,8208.995117
2019-06-04,1936,7707.770996
2019-06-05,1937,7824.231445
2019-06-06,1938,7822.023438
2019-06-07,1939,8043.951172
2019-06-10,1940,8000.32959
2019-06-11,1941,7927.714355
2019-06-12,1942,8145.857422
2019-06-13,1943,8230.923828
2019-06-14,1944,8693.833008
2019-06-17,1945,9320.352539
2019-06-18,1946,9081.762695
2019-06-19,1947,9273.521484
2019-06-20,1948,9527.160156
2019-06-21,1949,10144.556641
2019-06-24,1950,11011.102539
2019-06-25,1951,11790.916992
2019-06-26,1952,13016.231445
2019-06-27,1953,11182.806641
2019-06-28,1954,12407.332031
2019-07-01,1955,10583.134766
2019-07-02,1956,10801.677734
2019-07-03,1957,11961.269531
2019-07-04,1958,11215.4375
2019-07-05,1959,10978.459961
2019-07-08,1960,12285.958008
2019-07-09,1961,12573.8125
2019-07-10,1962,12156.512695
2019-07-11,1963,11358.662109
2019-07-12,1964,11815.986328
2019-07-15,1965,10895.089844
2019-07-16,1966,9477.641602
2019-07-17,1967,9693.802734
2019-07-18,1968,10666.482422
2019-07-19,1969,10530.732422
2019-07-22,1970,10343.106445
2019-07-23,1971,9900.767578
2019-07-24,1972,9811.925781
2019-07-25,1973,9911.841797
2019-07-26,1974,9870.303711
2019-07-29,1975,9519.145508
2019-07-30,1976,9607.423828
2019-07-31,1977,10085.62793
2019-08-01,1978,10399.668945
2019-08-02,1979,10518.174805
2019-08-05,1980,11805.65332
2019-08-06,1981,11478.168945
2019-08-07,1982,11941.96875
2019-08-08,1983,11966.407227
2019-08-09,1984,11862.936523
2019-08-12,1985,11382.616211
2019-08-13,1986,10895.830078
2019-08-14,1987,10051.704102
2019-08-15,1988,10311.545898
2019-08-16,1989,10374.338867
2019-08-19,1990,10916.053711
2019-08-20,1991,10763.232422
2019-08-21,1992,10138.049805
2019-08-22,1993,10131.055664
2019-08-23,1994,10407.964844
2019-08-26,1995,10370.820313
2019-08-27,1996,10185.5
2019-08-28,1997,9754.422852
2019-08-29,1998,9510.200195
2019-08-30,1999,9598.173828
2019-09-02,2000,10346.760742
2019-09-03,2001,10623.540039
2019-09-04,2002,10594.493164
2019-09-05,2003,10575.533203
2019-09-06,2004,10353.302734
2019-09-09,2005,10334.974609
2019-09-10,2006,10115.975586
2019-09-11,2007,10178.37207
2019-09-12,2008,10410.126953
2019-09-13,2009,10360.546875
2019-09-16,2010,10276.793945
2019-09-17,2011,10241.272461
2019-09-18,2012,10198.248047
2019-09-19,2013,10266.415039
2019-09-20,2014,10181.641602
2019-09-23,2015,9729.324219
2019-09-24,2016,8620.566406
2019-09-25,2017,8486.993164
2019-09-26,2018,8118.967773
2019-09-27,2019,8251.845703
2019-09-30,2020,8293.868164
2019-10-01,2021,8343.276367
2019-10-02,2022,8393.041992
2019-10-03,2023,8259.992188
2019-10-04,2024,8205.939453
2019-10-07,2025,8245.623047
2019-10-08,2026,8228.783203
2019-10-09,2027,8595.740234
2019-10-10,2028,8586.473633
2019-10-11,2029,8321.756836
2019-10-14,2030,8374.686523
2019-10-15,2031,8205.369141
2019-10-16,2032,8047.526855
2019-10-17,2033,8103.911133
2019-10-18,2034,7973.20752
2019-10-21,2035,8243.720703
2019-10-22,2036,8078.203125
2019-10-23,2037,7514.671875
2019-10-24,2038,7493.48877
2019-10-25,2039,8660.700195
2019-10-28,2040,9256.148438
2019-10-29,2041,9427.6875
2019-10-30,2042,9205.726563
2019-10-31,2043,9199.584961
2019-11-01,2044,9261.104492
2019-11-04,2045,9412.612305
2019-11-05,2046,9342.527344
2019-11-06,2047,9360.879883
2019-11-07,2048,9267.561523
2019-11-08,2049,8804.880859
2019-11-11,2050,8757.788086
2019-11-12,2051,8815.662109
2019-11-13,2052,8808.262695
2019-11-14,2053,8708.094727
2019-11-15,2054,8491.992188
2019-11-18,2055,8309.286133
2019-11-19,2056,8206.145508
2019-11-20,2057,8027.268066
2019-11-21,2058,7642.75
2019-11-22,2059,7296.577637
2019-11-25,2060,7146.133789
2019-11-26,2061,7218.371094
2019-11-27,2062,7531.663574
2019-11-28,2063,7463.105957
2019-11-29,2064,7761.243652
2019-12-02,2065,7321.988281
2019-12-03,2066,7320.145508
2019-12-04,2067,7252.034668
2019-12-05,2068,7448.307617
2019-12-06,2069,7546.996582
2019-12-09,2070,7400.899414
2019-12-10,2071,7278.119629
2019-12-11,2072,7217.427246
2019-12-12,2073,7243.134277
2019-12-13,2074,7269.68457
2019-12-16,2075,6932.480469
2019-12-17,2076,6640.515137
2019-12-18,2077,7276.802734
2019-12-19,2078,7202.844238
2019-12-20,2079,7218.816406
2019-12-23,2080,7355.628418
2019-12-24,2081,7322.532227
2019-12-25,2082,7275.155762
2019-12-26,2083,7238.966797
2019-12-27,2084,7290.088379
2019-12-30,2085,7292.995117
2019-12-31,2086,7193.599121
2020-01-01,2087,7200.174316
2020-01-02,2088,6985.470215
2020-01-03,2089,7344.884277
2020-01-06,2090,7769.219238
2020-01-07,2091,8163.692383
2020-01-08,2092,8079.862793
2020-01-09,2093,7879.071289
2020-01-10,2094,8166.554199
2020-01-13,2095,8144.194336
2020-01-14,2096,8827.764648
2020-01-15,2097,8807.010742
2020-01-16,2098,8723.786133
2020-01-17,2099,8929.038086
2020-01-20,2100,8657.642578
2020-01-21,2101,8745.894531
2020-01-22,2102,8680.875977
2020-01-23,2103,8406.515625
2020-01-24,2104,8445.43457
2020-01-27,2105,8909.819336
2020-01-28,2106,9358.589844
2020-01-29,2107,9316.629883
2020-01-30,2108,9508.993164
2020-01-31,2109,9350.529297
2020-02-03,2110,9293.521484
2020-02-04,2111,9180.962891
2020-02-05,2112,9613.423828
2020-02-06,2113,9729.801758
2020-02-07,2114,9795.943359
2020-02-10,2115,9856.611328
2020-02-11,2116,10208.236328
2020-02-12,2117,10326.054688
2020-02-13,2118,10214.379883
2020-02-14,2119,10312.116211
2020-02-17,2120,9690.142578
2020-02-18,2121,10141.996094
2020-02-19,2122,9633.386719
2020-02-20,2123,9608.475586
2020-02-21,2124,9686.441406
2020-02-24,2125,9650.174805
2020-02-25,2126,9341.705078
2020-02-26,2127,8820.522461
2020-02-27,2128,8784.494141
2020-02-28,2129,8672.455078
2020-03-02,2130,8869.669922
2020-03-03,2131,8787.786133
2020-03-04,2132,8755.246094
2020-03-05,2133,9078.762695
2020-03-06,2134,9122.545898
2020-03-09,2135,7923.644531
2020-03-10,2136,7909.729492
2020-03-11,2137,7911.430176
2020-03-12,2138,4970.788086
2020-03-13,2139,5563.707031
2020-03-16,2140,5014.47998
2020-03-17,2141,5225.629395
2020-03-18,2142,5238.438477
2020-03-19,2143,6191.192871
2020-03-20,2144,6198.77832
2020-03-23,2145,6416.314941
2020-03-24,2146,6734.803711
2020-03-25,2147,6681.062988
2020-03-26,2148,6716.44043
2020-03-27,2149,6469.79834
2020-03-30,2150,6429.841797
2020-03-31,2151,6438.644531
2020-04-01,2152,6606.776367
2020-04-02,2153,6793.624512
2020-04-03,2154,6733.387207
2020-04-06,2155,7271.78125
2020-04-07,2156,7176.414551
2020-04-08,2157,7334.098633
2020-04-09,2158,7302.089355
2020-04-10,2159,6865.493164
2020-04-13,2160,6845.037598
2020-04-14,2161,6842.427734
2020-04-15,2162,6642.109863
2020-04-16,2163,7116.804199
2020-04-17,2164,7096.18457
2020-04-20,2165,6881.958496
2020-04-21,2166,6880.323242
2020-04-22,2167,7117.20752
2020-04-23,2168,7429.724609
2020-04-24,2169,7550.900879
2020-04-27,2170,7795.601074
2020-04-28,2171,7807.058594
2020-04-29,2172,8801.038086
2020-04-30,2173,8658.553711
2020-05-01,2174,8864.766602
2020-05-04,2175,8912.654297
2020-05-05,2176,9003.070313
2020-05-06,2177,9268.761719
2020-05-07,2178,9951.518555
2020-05-08,2179,9842.666016
2020-05-11,2180,8601.795898
2020-05-12,2181,8804.477539
2020-05-13,2182,9269.987305
2020-05-14,2183,9733.72168
2020-05-15,2184,9328.197266
2020-05-18,2185,9726.575195
2020-05-19,2186,9729.038086
2020-05-20,2187,9522.981445
2020-05-21,2188,9081.761719
2020-05-22,2189,9182.577148
2020-05-25,2190,8906.93457
2020-05-26,2191,8835.052734
2020-05-27,2192,9181.017578
2020-05-28,2193,9525.750977
2020-05-29,2194,9439.124023
2020-06-01,2195,10167.268555
2020-06-02,2196,9529.803711
2020-06-03,2197,9656.717773
2020-06-04,2198,9800.636719
2020-06-05,2199,9665.533203
2020-06-08,2200,9771.489258
2020-06-09,2201,9795.700195
2020-06-10,2202,9870.094727
2020-06-11,2203,9321.78125
2020-06-12,2204,9480.84375
2020-06-15,2205,9450.702148
2020-06-16,2206,9538.024414
2020-06-17,2207,9480.254883
2020-06-18,2208,9411.84082
2020-06-19,2209,9288.018555
2020-06-22,2210,9648.717773
2020-06-23,2211,9629.658203
2020-06-24,2212,9313.610352
2020-06-25,2213,9264.813477
2020-06-26,2214,9162.917969
2020-06-29,2215,9190.854492
2020-06-30,2216,9137.993164
2020-07-01,2217,9228.325195
2020-07-02,2218,9123.410156
2020-07-03,2219,9087.303711
2020-07-06,2220,9375.474609
2020-07-07,2221,9252.277344
2020-07-08,2222,9428.333008
2020-07-09,2223,9277.967773
2020-07-10,2224,9278.807617
2020-07-13,2225,9243.614258
2020-07-14,2226,9243.213867
2020-07-15,2227,9192.836914
2020-07-16,2228,9132.227539
2020-07-17,2229,9151.392578
2020-07-20,2230,9164.231445
2020-07-21,2231,9374.887695
2020-07-22,2232,9525.363281
2020-07-23,2233,9581.072266
2020-07-24,2234,9536.892578
2020-07-27,2235,10990.873047
2020-07-28,2236,10912.823242
2020-07-29,2237,11100.467773
2020-07-30,2238,11111.213867
2020-07-31,2239,11323.466797
2020-08-03,2240,11246.348633
2020-08-04,2241,11205.892578
2020-08-05,2242,11747.022461
2020-08-06,2243,11779.773438
2020-08-07,2244,11601.472656
2020-08-10,2245,11878.111328
2020-08-11,2246,11410.525391
2020-08-12,2247,11584.93457
2020-08-13,2248,11784.137695
2020-08-14,2249,11768.871094
2020-08-17,2250,12254.402344
2020-08-18,2251,11991.233398
2020-08-19,2252,11758.283203
2020-08-20,2253,11878.37207
2020-08-21,2254,11592.489258
2020-08-24,2255,11774.595703
2020-08-25,2256,11366.134766
2020-08-26,2257,11488.363281
2020-08-27,2258,11323.397461
2020-08-28,2259,11542.5
2020-08-31,2260,11680.820313
2020-09-01,2261,11970.478516
2020-09-02,2262,11414.03418
2020-09-03,2263,10245.296875
2020-09-04,2264,10511.813477
2020-09-07,2265,10369.563477
2020-09-08,2266,10131.516602
2020-09-09,2267,10242.347656
2020-09-10,2268,10363.138672
2020-09-11,2269,10400.915039
2020-09-14,2270,10680.837891
2020-09-15,2271,10796.951172
2020-09-16,2272,10974.905273
2020-09-17,2273,10948.990234
2020-09-18,2274,10944.585938
2020-09-21,2275,10462.259766
2020-09-22,2276,10538.459961
2020-09-23,2277,10246.186523
2020-09-24,2278,10760.066406
2020-09-25,2279,10692.716797
2020-09-28,2280,10709.652344
2020-09-29,2281,10844.640625
2020-09-30,2282,10784.491211
2020-10-01,2283,10619.452148
2020-10-02,2284,10575.974609
2020-10-05,2285,10793.339844
2020-10-06,2286,10604.40625
2020-10-07,2287,10668.96875
2020-10-08,2288,10915.685547
2020-10-09,2289,11064.458008
2020-10-12,2290,11555.363281
2020-10-13,2291,11425.899414
2020-10-14,2292,11429.506836
2020-10-15,2293,11495.349609
2020-10-16,2294,11322.123047
2020-10-19,2295,11742.037109
2020-10-20,2296,11916.334961
2020-10-21,2297,12823.689453
2020-10-22,2298,12965.891602
2020-10-23,2299,12931.539063
2020-10-26,2300,13075.248047
2020-10-27,2301,13654.21875
2020-10-28,2302,13271.285156
2020-10-29,2303,13437.882813
2020-10-30,2304,13546.522461
2020-11-02,2305,13550.489258
2020-11-03,2306,13950.300781
2020-11-04,2307,14133.707031
2020-11-05,2308,15579.848633
2020-11-06,2309,15565.880859
2020-11-09,2310,15332.31543
2020-11-10,2311,15290.902344
2020-11-11,2312,15701.339844
2020-11-12,2313,16276.34375
2020-11-13,2314,16317.808594
2020-11-16,2315,16716.111328
2020-11-17,2316,17645.40625
2020-11-18,2317,17804.005859
2020-11-19,2318,17817.089844
2020-11-20,2319,18621.314453
2020-11-23,2320,18364.121094
2020-11-24,2321,19107.464844
2020-11-25,2322,18732.121094
2020-11-26,2323,17150.623047
2020-11-27,2324,17108.402344
2020-11-30,2325,19625.835938
2020-12-01,2326,18802.998047
2020-12-02,2327,19201.091797
2020-12-03,2328,19445.398438
2020-12-04,2329,18699.765625
2020-12-07,2330,19191.630859
2020-12-08,2331,18321.144531
2020-12-09,2332,18553.916016
2020-12-10,2333,18264.992188
2020-12-11,2334,18058.904297
2020-12-14,2335,19246.644531
2020-12-15,2336,19417.076172
2020-12-16,2337,21310.597656
2020-12-17,2338,22805.162109
2020-12-18,2339,23137.960938
2020-12-21,2340,22803.082031
2020-12-22,2341,23783.029297
2020-12-23,2342,23241.345703
2020-12-24,2343,23735.949219
2020-12-25,2344,24664.791016
2020-12-28,2345,27084.808594
2020-12-29,2346,27362.4375
2020-12-30,2347,28840.953125
2020-12-31,2348,29001.720703
2021-01-01,2349,29374.152344
2021-01-04,2350,31971.914063
2021-01-05,2351,33992.429688
2021-01-06,2352,36824.363281
2021-01-07,2353,39371.042969
2021-01-08,2354,40797.609375
2021-01-11,2355,35566.65625
2021-01-12,2356,33922.960938
2021-01-13,2357,37316.359375
2021-01-14,2358,39187.328125
2021-01-15,2359,36825.367188
2021-01-18,2360,36630.074219
2021-01-19,2361,36069.804688
2021-01-20,2362,35547.75
2021-01-21,2363,30825.699219
2021-01-22,2364,33005.761719
2021-01-25,2365,32366.392578
2021-01-26,2366,32569.849609
2021-01-27,2367,30432.546875
2021-01-28,2368,33466.097656
2021-01-29,2369,34316.386719
2021-02-01,2370,33537.175781
2021-02-02,2371,35510.289063
2021-02-03,2372,37472.089844
2021-02-04,2373,36926.066406
2021-02-05,2374,38144.308594
2021-02-08,2375,46196.464844
2021-02-09,2376,46481.105469
2021-02-10,2377,44918.183594
2021-02-11,2378,47909.332031
2021-02-12,2379,47504.851563
2021-02-15,2380,47945.058594
2021-02-16,2381,49199.871094
2021-02-17,2382,52149.007813
2021-02-18,2383,51679.796875
2021-02-19,2384,55888.132813
2021-02-22,2385,54207.320313
2021-02-23,2386,48824.425781
2021-02-24,2387,49705.332031
2021-02-25,2388,47093.851563
2021-02-26,2389,46339.761719
2021-03-01,2390,49631.242188
2021-03-02,2391,48378.988281
2021-03-03,2392,50538.242188
2021-03-04,2393,48561.167969
2021-03-05,2394,48927.304688
2021-03-08,2395,52246.523438
2021-03-09,2396,54824.117188
2021-03-10,2397,56008.550781
2021-03-11,2398,57805.121094
2021-03-12,2399,57332.089844
2021-03-15,2400,55907.199219
2021-03-16,2401,56804.902344
2021-03-17,2402,58870.894531
2021-03-18,2403,57858.921875
2021-03-19,2404,58346.652344
2021-03-22,2405,54529.144531
2021-03-23,2406,54738.945313
2021-03-24,2407,52774.265625
2021-03-25,2408,51704.160156
2021-03-26,2409,55137.3125
2021-03-29,2410,57750.199219
2021-03-30,2411,58917.691406
2021-03-31,2412,58918.832031
2021-04-01,2413,59095.808594
2021-04-02,2414,59384.3125
2021-04-05,2415,59057.878906
2021-04-06,2416,58192.359375
2021-04-07,2417,56048.9375
2021-04-08,2418,58323.953125
2021-04-09,2419,58245.003906
2021-04-12,2420,59893.453125
2021-04-13,2421,63503.457031
2021-04-14,2422,63109.695313
2021-04-15,2423,63314.011719
2021-04-16,2424,61572.789063
2021-04-19,2425,55724.265625
2021-04-20,2426,56473.03125
2021-04-21,2427,53906.089844
2021-04-22,2428,51762.273438
2021-04-23,2429,51093.652344
2021-04-26,2430,54021.753906
2021-04-27,2431,55033.117188
2021-04-28,2432,54824.703125
2021-04-29,2433,53555.109375
2021-04-30,2434,57750.175781
2021-05-03,2435,57200.292969
2021-05-04,2436,53333.539063
2021-05-05,2437,57424.007813
2021-05-06,2438,56396.515625
2021-05-07,2439,57356.402344
2021-05-10,2440,55859.796875
2021-05-11,2441,56704.574219
2021-05-12,2442,49150.535156
2021-05-13,2443,49716.191406
2021-05-14,2444,49880.535156
2021-05-17,2445,43537.511719
2021-05-18,2446,42909.402344
2021-05-19,2447,37002.441406
2021-05-20,2448,40782.738281
2021-05-21,2449,37304.691406
2021-05-24,2450,38705.980469
2021-05-25,2451,38402.222656
2021-05-26,2452,39294.199219
2021-05-27,2453,38436.96875
2021-05-28,2454,35697.605469
2021-05-31,2455,37332.855469
2021-06-01,2456,36684.925781
2021-06-02,2457,37575.179688
2021-06-03,2458,39208.765625
2021-06-04,2459,36894.40625
2021-06-07,2460,33560.707031
2021-06-08,2461,33472.632813
2021-06-09,2462,37345.121094
2021-06-10,2463,36702.597656
2021-06-11,2464,37334.398438
2021-06-14,2465,40218.476563
2021-06-15,2466,40406.269531
2021-06-16,2467,38347.0625
2021-06-17,2468,38053.503906
2021-06-18,2469,35787.246094
2021-06-21,2470,31676.693359
2021-06-22,2471,32505.660156
2021-06-23,2472,33723.027344
2021-06-24,2473,34662.4375
2021-06-25,2474,31637.779297
2021-06-28,2475,34434.335938
2021-06-29,2476,35867.777344
2021-06-30,2477,35040.835938
2021-07-01,2478,33572.117188
2021-07-02,2479,33897.046875
2021-07-05,2480,33746.003906
2021-07-06,2481,34235.195313
2021-07-07,2482,33855.328125
2021-07-08,2483,32877.371094
2021-07-09,2484,33798.011719
2021-07-12,2485,33155.847656
2021-07-13,2486,32702.025391
2021-07-14,2487,32822.347656
2021-07-15,2488,31780.730469
2021-07-16,2489,31421.539063
2021-07-19,2490,30817.832031
2021-07-20,2491,29807.347656
2021-07-21,2492,32110.693359
2021-07-22,2493,32313.105469
2021-07-23,2494,33581.550781
2021-07-26,2495,37337.535156
2021-07-27,2496,39406.941406
2021-07-28,2497,39995.90625
2021-07-29,2498,40008.421875
2021-07-30,2499,42235.546875
2021-08-02,2500,39201.945313
2021-08-03,2501,38152.980469
2021-08-04,2502,39747.503906
2021-08-05,2503,40869.554688
2021-08-06,2504,42816.5
2021-08-09,2505,46365.402344
2021-08-10,2506,45585.03125
2021-08-11,2507,45593.636719
2021-08-12,2508,44428.289063
2021-08-13,2509,47793.320313
2021-08-16,2510,46004.484375
2021-08-17,2511,44695.359375
2021-08-18,2512,44801.1875
2021-08-19,2513,46717.578125
2021-08-20,2514,49339.175781
2021-08-23,2515,49546.148438
2021-08-24,2516,47706.117188
2021-08-25,2517,48960.789063
2021-08-26,2518,46942.21875
2021-08-27,2519,49058.667969
2021-08-30,2520,47054.984375
2021-08-31,2521,47166.6875
2021-09-01,2522,48847.027344
2021-09-02,2523,49327.722656
2021-09-03,2524,50025.375
2021-09-06,2525,52633.535156
2021-09-07,2526,46811.128906
2021-09-08,2527,46091.390625
2021-09-09,2528,46391.421875
2021-09-10,2529,44883.910156
2021-09-13,2530,44963.074219
2021-09-14,2531,47092.492188
2021-09-15,2532,48176.347656
2021-09-16,2533,47783.359375
2021-09-17,2534,47267.519531
2021-09-20,2535,42843.800781
2021-09-21,2536,40693.675781
2021-09-22,2537,43574.507813
2021-09-23,2538,44895.097656
2021-09-24,2539,42839.75
2021-09-27,2540,42235.730469
2021-09-28,2541,41034.542969
2021-09-29,2542,41564.363281
2021-09-30,2543,43790.894531
2021-10-01,2544,48116.941406
2021-10-04,2545,49112.902344
2021-10-05,2546,51514.8125
2021-10-06,2547,55361.449219
2021-10-07,2548,53805.984375
2021-10-08,2549,53967.847656
2021-10-11,2550,57484.789063
2021-10-12,2551,56041.058594
2021-10-13,2552,57401.097656
2021-10-14,2553,57321.523438
2021-10-15,2554,61593.949219
2021-10-18,2555,62026.078125
2021-10-19,2556,64261.992188
2021-10-20,2557,65992.835938
2021-10-21,2558,62210.171875
2021-10-22,2559,60692.265625
2021-10-25,2560,63039.824219
2021-10-26,2561,60363.792969
2021-10-27,2562,58482.386719
2021-10-28,2563,60622.136719
2021-10-29,2564,62227.964844
2021-11-01,2565,61004.40625
2021-11-02,2566,63226.402344
2021-11-03,2567,62970.046875
2021-11-04,2568,61452.230469
2021-11-05,2569,61125.675781
2021-11-08,2570,67566.828125
2021-11-09,2571,66971.828125
2021-11-10,2572,64995.230469
2021-11-11,2573,64949.960938
2021-11-12,2574,64155.941406
2021-11-15,2575,63557.871094
2021-11-16,2576,60161.246094
2021-11-17,2577,60368.011719
2021-11-18,2578,56942.136719
2021-11-19,2579,58119.578125
2021-11-22,2580,56289.289063
2021-11-23,2581,57569.074219
2021-11-24,2582,56280.425781
2021-11-25,2583,57274.679688
2021-11-26,2584,53569.765625
2021-11-29,2585,57806.566406
2021-11-30,2586,57005.425781
2021-12-01,2587,57229.828125
2021-12-02,2588,56477.816406
2021-12-03,2589,53598.246094
2021-12-06,2590,50582.625
2021-12-07,2591,50700.085938
2021-12-08,2592,50504.796875
2021-12-09,2593,47672.121094
2021-12-10,2594,47243.304688
2021-12-13,2595,46737.480469
2021-12-14,2596,46612.632813
2021-12-15,2597,48896.722656
2021-12-16,2598,47665.425781
2021-12-17,2599,46202.144531
2021-12-20,2600,46880.277344
2021-12-21,2601,48936.613281
2021-12-22,2602,48628.511719
2021-12-23,2603,50784.539063
2021-12-24,2604,50822.195313
2021-12-27,2605,50640.417969
2021-12-28,2606,47588.855469
2021-12-29,2607,46444.710938
2021-12-30,2608,47178.125
2021-12-31,2609,46306.445313
2022-01-03,2610,46458.117188
2022-01-04,2611,45897.574219
2022-01-05,2612,43569.003906
2022-01-06,2613,43160.929688
2022-01-07,2614,41557.902344
2022-01-10,2615,41821.261719
2022-01-11,2616,42735.855469
2022-01-12,2617,43949.101563
2022-01-13,2618,42591.570313
2022-01-14,2619,43099.699219
2022-01-17,2620,42250.550781
2022-01-18,2621,42375.632813
2022-01-19,2622,41744.328125
2022-01-20,2623,40680.417969
2022-01-21,2624,36457.316406
2022-01-24,2625,36654.328125
2022-01-25,2626,36954.003906
2022-01-26,2627,36852.121094
2022-01-27,2628,37138.234375
2022-01-28,2629,37784.332031
2022-01-31,2630,38483.125
2022-02-01,2631,38743.273438
2022-02-02,2632,36952.984375
2022-02-03,2633,37154.601563
2022-02-04,2634,41500.875
2022-02-07,2635,43840.285156
2022-02-08,2636,44118.445313
2022-02-09,2637,44338.796875
2022-02-10,2638,43565.113281
2022-02-11,2639,42407.9375
2022-02-14,2640,42586.917969
2022-02-15,2641,44575.203125
2022-02-16,2642,43961.859375
2022-02-17,2643,40538.011719
2022-02-18,2644,40030.976563
2022-02-21,2645,37075.28125
2022-02-22,2646,38286.027344
2022-02-23,2647,37296.570313
2022-02-24,2648,38332.609375
2022-02-25,2649,39214.21875
2022-02-28,2650,43193.234375
2022-03-01,2651,44354.636719
2022-03-02,2652,43924.117188
2022-03-03,2653,42451.789063
2022-03-04,2654,39137.605469
2022-03-07,2655,38062.039063
2022-03-08,2656,38737.269531
2022-03-09,2657,41982.925781
2022-03-10,2658,39437.460938
2022-03-11,2659,38794.972656
2022-03-14,2660,39666.753906
2022-03-15,2661,39338.785156
2022-03-16,2662,41143.929688
2022-03-17,2663,40951.378906
2022-03-18,2664,41801.15625
2022-03-21,2665,41077.996094
2022-03-22,2666,42358.808594
2022-03-23,2667,42892.957031
2022-03-24,2668,43960.933594
2022-03-25,2669,44348.730469
2022-03-28,2670,47128.003906
2022-03-29,2671,47465.730469
2022-03-30,2672,47062.664063
2022-03-31,2673,45538.675781
2022-04-01,2674,46281.644531
2022-04-04,2675,46622.675781
2022-04-05,2676,45555.992188
2022-04-06,2677,43206.738281
2022-04-07,2678,43503.847656
2022-04-08,2679,42287.664063
2022-04-11,2680,39521.902344
2022-04-12,2681,40127.183594
2022-04-13,2682,41166.730469
2022-04-14,2683,39935.515625
2022-04-15,2684,40553.464844
2022-04-18,2685,40826.214844
2022-04-19,2686,41502.75
2022-04-20,2687,41374.378906
2022-04-21,2688,40527.363281
2022-04-22,2689,39740.320313
2022-04-25,2690,40458.308594
2022-04-26,2691,38117.460938
2022-04-27,2692,39241.121094
2022-04-28,2693,39773.828125
2022-04-29,2694,38609.824219
2022-05-02,2695,38529.328125
2022-05-03,2696,37750.453125
2022-05-04,2697,39698.371094
2022-05-05,2698,36575.140625
2022-05-06,2699,36040.921875
2022-05-09,2700,30296.953125
2022-05-10,2701,31022.90625
2022-05-11,2702,28936.355469
2022-05-12,2703,29047.751953
2022-05-13,2704,29283.103516
2022-05-16,2705,29862.917969
2022-05-17,2706,30425.857422
2022-05-18,2707,28720.271484
2022-05-19,2708,30314.333984
2022-05-20,2709,29200.740234
2022-05-23,2710,29098.910156
2022-05-24,2711,29655.585938
2022-05-25,2712,29562.361328
2022-05-26,2713,29267.224609
2022-05-27,2714,28627.574219
2022-05-30,2715,31726.390625
2022-05-31,2716,31792.310547
2022-06-01,2717,29799.080078
2022-06-02,2718,30467.488281
2022-06-03,2719,29704.390625
2022-06-06,2720,31370.671875
2022-06-07,2721,31155.478516
2022-06-08,2722,30214.355469
2022-06-09,2723,30111.998047
2022-06-10,2724,29083.804688
2022-06-13,2725,22487.388672
2022-06-14,2726,22206.792969
2022-06-15,2727,22572.839844
2022-06-16,2728,20381.650391
2022-06-17,2729,20471.482422
2022-06-20,2730,20599.537109
2022-06-21,2731,20710.597656
2022-06-22,2732,19987.029297
2022-06-23,2733,21085.876953
2022-06-24,2734,21231.65625
2022-06-27,2735,20735.478516
2022-06-28,2736,20280.634766
2022-06-29,2737,20104.023438
2022-06-30,2738,19784.726563
2022-07-01,2739,19269.367188
2022-07-04,2740,20231.261719
2022-07-05,2741,20190.115234
2022-07-06,2742,20548.246094
2022-07-07,2743,21637.587891
2022-07-08,2744,21731.117188
2022-07-11,2745,19970.556641
2022-07-12,2746,19323.914063
2022-07-13,2747,20212.074219
2022-07-14,2748,20569.919922
2022-07-15,2749,20836.328125
2022-07-18,2750,22485.689453
2022-07-19,2751,23389.433594
2022-07-20,2752,23231.732422
2022-07-21,2753,23164.628906
2022-07-22,2754,22714.978516
2022-07-25,2755,21361.701172
2022-07-26,2756,21239.753906
2022-07-27,2757,22930.548828
2022-07-28,2758,23843.886719
2022-07-29,2759,23804.632813
2022-08-01,2760,23314.199219
2022-08-02,2761,22978.117188
2022-08-03,2762,22846.507813
2022-08-04,2763,22630.957031
2022-08-05,2764,23289.314453
2022-08-08,2765,23809.486328
2022-08-09,2766,23164.318359
2022-08-10,2767,23947.642578
2022-08-11,2768,23957.529297
2022-08-12,2769,24402.818359
2022-08-15,2770,24136.972656
2022-08-16,2771,23883.291016
2022-08-17,2772,23335.998047
2022-08-18,2773,23212.738281
2022-08-19,2774,20877.552734
2022-08-22,2775,21398.908203
2022-08-23,2776,21528.087891
2022-08-24,2777,21395.019531
2022-08-25,2778,21600.904297
2022-08-26,2779,20260.019531
2022-08-29,2780,20297.994141
2022-08-30,2781,19796.808594
2022-08-31,2782,20049.763672
2022-09-01,2783,20127.140625
2022-09-02,2784,19969.771484
2022-09-05,2785,19812.371094
2022-09-06,2786,18837.667969
2022-09-07,2787,19290.324219
2022-09-08,2788,19329.833984
2022-09-09,2789,21381.152344
2022-09-12,2790,22370.449219
2022-09-13,2791,20296.707031
2022-09-14,2792,20241.089844
2022-09-15,2793,19701.210938
2022-09-16,2794,19772.583984
2022-09-19,2795,19544.128906
2022-09-20,2796,18890.789063
2022-09-21,2797,18547.400391
2022-09-22,2798,19413.550781
2022-09-23,2799,19297.638672
2022-09-26,2800,19222.671875
2022-09-27,2801,19110.546875
2022-09-28,2802,19426.720703
2022-09-29,2803,19573.050781
2022-09-30,2804,19431.789063
2022-10-03,2805,19623.580078
2022-10-04,2806,20336.84375
2022-10-05,2807,20160.716797
2022-10-06,2808,19955.443359
2022-10-07,2809,19546.849609
2022-10-10,2810,19141.484375
2022-10-11,2811,19051.417969
2022-10-12,2812,19157.445313
2022-10-13,2813,19382.904297
2022-10-14,2814,19185.65625
2022-10-17,2815,19550.757813
2022-10-18,2816,19334.416016
2022-10-19,2817,19139.535156
2022-10-20,2818,19053.740234
2022-10-21,2819,19172.46875
2022-10-24,2820,19345.572266
2022-10-25,2821,20095.857422
2022-10-26,2822,20770.441406
2022-10-27,2823,20285.835938
2022-10-28,2824,20595.351563
2022-10-31,2825,20495.773438
2022-11-01,2826,20485.273438
2022-11-02,2827,20159.503906
2022-11-03,2828,20209.988281
2022-11-04,2829,21147.230469
2022-11-07,2830,20602.816406
2022-11-08,2831,18541.271484
2022-11-09,2832,15880.780273
2022-11-10,2833,17586.771484
2022-11-11,2834,17034.292969
2022-11-14,2835,16618.199219
2022-11-15,2836,16884.613281
2022-11-16,2837,16669.439453
2022-11-17,2838,16687.517578
2022-11-18,2839,16697.777344
2022-11-21,2840,15787.28418
2022-11-22,2841,16189.769531
2022-11-23,2842,16610.707031
2022-11-24,2843,16604.464844
2022-11-25,2844,16521.841797
2022-11-28,2845,16217.322266
2022-11-29,2846,16444.982422
2022-11-30,2847,17168.566406
2022-12-01,2848,16967.132813
2022-12-02,2849,17088.660156
2022-12-05,2850,16974.826172
2022-12-06,2851,17089.503906
2022-12-07,2852,16848.126953
2022-12-08,2853,17233.474609
2022-12-09,2854,17133.152344
2022-12-12,2855,17206.4375
2022-12-13,2856,17781.318359
2022-12-14,2857,17815.650391
2022-12-15,2858,17364.865234
2022-12-16,2859,16647.484375
2022-12-19,2860,16439.679688
2022-12-20,2861,16906.304688
2022-12-21,2862,16817.535156
2022-12-22,2863,16830.341797
2022-12-23,2864,16796.953125
2022-12-26,2865,16919.804688
2022-12-27,2866,16717.173828
2022-12-28,2867,16552.572266
2022-12-29,2868,16642.341797
2022-12-30,2869,16602.585938
2023-01-02,2870,16688.470703
2023-01-03,2871,16679.857422
2023-01-04,2872,16863.238281
2023-01-05,2873,16836.736328
2023-01-06,2874,16951.96875
2023-01-09,2875,17196.554688
2023-01-10,2876,17446.292969
2023-01-11,2877,17934.896484
2023-01-12,2878,18869.587891
2023-01-13,2879,19909.574219
2023-01-16,2880,21169.632813
2023-01-17,2881,21161.519531
2023-01-18,2882,20688.78125
2023-01-19,2883,21086.792969
2023-01-20,2884,22676.552734
2023-01-23,2885,22934.431641
2023-01-24,2886,22636.46875
2023-01-25,2887,23117.859375
2023-01-26,2888,23032.777344
2023-01-27,2889,23078.728516
2023-01-30,2890,22840.138672
2023-01-31,2891,23139.283203
2023-02-01,2892,23723.769531
2023-02-02,2893,23471.871094
2023-02-03,2894,23449.322266
2023-02-06,2895,22760.109375
2023-02-07,2896,23264.291016
2023-02-08,2897,22939.398438
2023-02-09,2898,21819.039063
2023-02-10,2899,21651.183594
2023-02-13,2900,21808.101563
2023-02-14,2901,22220.804688
2023-02-15,2902,24307.841797
2023-02-16,2903,23623.474609
2023-02-17,2904,24565.601563
2023-02-20,2905,24829.148438
2023-02-21,2906,24436.353516
2023-02-22,2907,24188.84375
2023-02-23,2908,23947.492188
2023-02-24,2909,23198.126953
2023-02-27,2910,23522.871094
2023-02-28,2911,23147.353516
2023-03-01,2912,23646.550781
2023-03-02,2913,23475.466797
2023-03-03,2914,22362.679688
2023-03-06,2915,22429.757813
2023-03-07,2916,22219.769531
2023-03-08,2917,21718.080078
2023-03-09,2918,20363.021484
2023-03-10,2919,20187.244141
2023-03-13,2920,24197.533203
2023-03-14,2921,24746.074219
2023-03-15,2922,24375.960938
2023-03-16,2923,25052.789063
2023-03-17,2924,27423.929688
2023-03-20,2925,27767.236328
2023-03-21,2926,28175.816406
2023-03-22,2927,27307.4375
2023-03-23,2928,28333.972656
2023-03-24,2929,27493.285156
2023-03-27,2930,27139.888672
2023-03-28,2931,27268.130859
2023-03-29,2932,28348.441406
2023-03-30,2933,28033.5625
2023-03-31,2934,28478.484375
2023-04-03,2935,27790.220703
2023-04-04,2936,28168.089844
2023-04-05,2937,28177.984375
2023-04-06,2938,28044.140625
2023-04-07,2939,27925.859375
2023-04-10,2940,29652.980469
2023-04-11,2941,30235.058594
2023-04-12,2942,30139.052734
2023-04-13,2943,30399.066406
2023-04-14,2944,30485.699219
2023-04-17,2945,29445.044922
2023-04-18,2946,30397.552734
2023-04-19,2947,28822.679688
2023-04-20,2948,28245.988281
2023-04-21,2949,27276.910156
2023-04-24,2950,27525.339844
2023-04-25,2951,28307.597656
2023-04-26,2952,28422.701172
2023-04-27,2953,29473.787109
2023-04-28,2954,29340.261719
2023-05-01,2955,28091.568359
2023-05-02,2956,28680.537109
2023-05-03,2957,29006.308594
2023-05-04,2958,28847.710938
2023-05-05,2959,29534.384766
2023-05-08,2960,27694.273438
2023-05-09,2961,27658.775391
2023-05-10,2962,27621.755859
2023-05-11,2963,27000.789063
2023-05-12,2964,26804.990234
2023-05-15,2965,27192.693359
2023-05-16,2966,27036.650391
2023-05-17,2967,27398.802734
2023-05-18,2968,26832.208984
2023-05-19,2969,26890.128906
2023-05-22,2970,26851.277344
2023-05-23,2971,27225.726563
2023-05-24,2972,26334.818359
2023-05-25,2973,26476.207031
2023-05-26,2974,26719.291016
2023-05-29,2975,27745.884766
2023-05-30,2976,27702.349609
2023-05-31,2977,27219.658203
2023-06-01,2978,26819.972656
2023-06-02,2979,27249.589844
2023-06-05,2980,25760.097656
2023-06-06,2981,27238.783203
2023-06-07,2982,26345.998047
2023-06-08,2983,26508.216797
2023-06-09,2984,26480.375
2023-06-12,2985,25902.5
2023-06-13,2986,25918.728516
2023-06-14,2987,25124.675781
2023-06-15,2988,25576.394531
2023-06-16,2989,26327.462891
2023-06-19,2990,26851.029297
2023-06-20,2991,28327.488281
2023-06-21,2992,30027.296875
2023-06-22,2993,29912.28125
2023-06-23,2994,30695.46875
2023-06-26,2995,30271.130859
2023-06-27,2996,30688.164063
2023-06-28,2997,30086.246094
2023-06-29,2998,30445.351563
2023-06-30,2999,30477.251953
2023-07-03,3000,31156.439453
2023-07-04,3001,30777.582031
2023-07-05,3002,30514.166016
2023-07-06,3003,29909.337891
2023-07-07,3004,30342.265625
2023-07-10,3005,30414.470703
2023-07-11,3006,30620.951172
2023-07-12,3007,30391.646484
2023-07-13,3008,31476.048828
2023-07-14,3009,30334.068359
2023-07-17,3010,30145.888672
2023-07-18,3011,29856.5625
2023-07-19,3012,29913.923828
2023-07-20,3013,29792.015625
2023-07-21,3014,29908.744141
2023-07-24,3015,29176.916016
2023-07-25,3016,29227.390625
2023-07-26,3017,29354.972656
2023-07-27,3018,29210.689453
2023-07-28,3019,29319.246094
2023-07-31,3020,29230.111328
2023-08-01,3021,29675.732422
2023-08-02,3022,29151.958984
2023-08-03,3023,29178.679688
2023-08-04,3024,29074.091797
2023-08-07,3025,29180.578125
2023-08-08,3026,29765.492188
2023-08-09,3027,29561.494141
2023-08-10,3028,29429.591797
2023-08-11,3029,29397.714844
2023-08-14,3030,29408.443359
2023-08-15,3031,29170.347656
2023-08-16,3032,28701.779297
2023-08-17,3033,26664.550781
2023-08-18,3034,26049.556641
2023-08-21,3035,26124.140625
2023-08-22,3036,26031.65625
2023-08-23,3037,26431.640625
2023-08-24,3038,26162.373047
2023-08-25,3039,26047.667969
2023-08-28,3040,26106.150391
2023-08-29,3041,27727.392578
2023-08-30,3042,27297.265625
2023-08-31,3043,25931.472656
2023-09-01,3044,25800.724609
2023-09-04,3045,25812.416016
2023-09-05,3046,25779.982422
2023-09-06,3047,25753.236328
2023-09-07,3048,26240.195313
2023-09-08,3049,25905.654297
2023-09-11,3050,25162.654297
2023-09-12,3051,25833.34375
2023-09-13,3052,26228.324219
2023-09-14,3053,26539.673828
2023-09-15,3054,26608.693359
2023-09-18,3055,26754.28125
2023-09-19,3056,27211.117188
2023-09-20,3057,27132.007813
2023-09-21,3058,26567.632813
2023-09-22,3059,26579.568359
2023-09-25,3060,26298.480469
2023-09-26,3061,26217.25
2023-09-27,3062,26352.716797
2023-09-28,3063,27021.546875
2023-09-29,3064,26911.720703
2023-10-02,3065,27530.785156
2023-10-03,3066,27429.978516
2023-10-04,3067,27799.394531
2023-10-05,3068,27415.912109
2023-10-06,3069,27946.597656
2023-10-09,3070,27583.677734
2023-10-10,3071,27391.019531
2023-10-11,3072,26873.320313
2023-10-12,3073,26756.798828
2023-10-13,3074,26862.375
2023-10-16,3075,28519.466797
2023-10-17,3076,28415.748047
2023-10-18,3077,28328.341797
2023-10-19,3078,28719.806641
2023-10-20,3079,29682.949219
2023-10-23,3080,33086.234375
2023-10-24,3081,33901.527344
2023-10-25,3082,34502.820313
2023-10-26,3083,34156.648438
2023-10-27,3084,33909.800781
2023-10-30,3085,34502.363281
2023-10-31,3086,34667.78125
2023-11-01,3087,35437.253906
2023-11-02,3088,34938.242188
2023-11-03,3089,34732.324219
2023-11-06,3090,35037.371094
2023-11-07,3091,35443.5625
2023-11-08,3092,35655.277344
2023-11-09,3093,36693.125
2023-11-10,3094,37313.96875
2023-11-13,3095,36502.355469
2023-11-14,3096,35537.640625
2023-11-15,3097,37880.582031
2023-11-16,3098,36154.769531
2023-11-17,3099,36596.683594
2023-11-20,3100,37476.957031
2023-11-21,3101,35813.8125
2023-11-22,3102,37432.339844
2023-11-23,3103,37289.621094
2023-11-24,3104,37720.28125
2023-11-27,3105,37254.167969
2023-11-28,3106,37831.085938
2023-11-29,3107,37858.492188
2023-11-30,3108,37712.746094
2023-12-01,3109,38688.75
2023-12-04,3110,41980.097656
2023-12-05,3111,44080.648438
2023-12-06,3112,43746.445313
2023-12-07,3113,43292.664063
2023-12-08,3114,44166.601563
2023-12-11,3115,41243.832031
2023-12-12,3116,41450.222656
2023-12-13,3117,42890.742188
2023-12-14,3118,43023.972656
2023-12-15,3119,41929.757813
2023-12-18,3120,42623.539063
2023-12-19,3121,42270.527344
2023-12-20,3122,43652.25
2023-12-21,3123,43869.152344
2023-12-22,3124,43997.902344
2023-12-25,3125,43613.140625
2023-12-26,3126,42520.402344
2023-12-27,3127,43442.855469
2023-12-28,3128,42627.855469
2023-12-29,3129,42099.402344
2024-01-01,3130,44167.332031
2024-01-02,3131,44957.96875
2024-01-03,3132,42848.175781
2024-01-04,3133,44179.921875
2024-01-05,3134,44162.691406
2024-01-08,3135,46970.503906
2024-01-09,3136,46139.730469
2024-01-10,3137,46627.777344
2024-01-11,3138,46368.585938
2024-01-12,3139,42853.167969
2024-01-15,3140,42511.96875
2024-01-16,3141,43154.945313
2024-01-17,3142,42742.652344
2024-01-18,3143,41262.058594
2024-01-19,3144,41618.40625
2024-01-22,3145,39507.367188
2024-01-23,3146,39845.550781
2024-01-24,3147,40077.074219
2024-01-25,3148,39933.808594
2024-01-26,3149,41816.871094
2024-01-29,3150,43288.246094
2024-01-30,3151,42952.609375
2024-01-31,3152,42582.605469
2024-02-01,3153,43075.773438
2024-02-02,3154,43185.859375
2024-02-05,3155,42658.667969
2024-02-06,3156,43084.671875
2024-02-07,3157,44318.222656
2024-02-08,3158,45301.566406
2024-02-09,3159,47147.199219
2024-02-12,3160,49958.222656
2024-02-13,3161,49742.441406
2024-02-14,3162,51826.695313
2024-02-15,3163,51938.554688
2024-02-16,3164,52160.203125
2024-02-19,3165,51779.144531
2024-02-20,3166,52284.875
2024-02-21,3167,51839.179688
2024-02-22,3168,51304.972656
2024-02-23,3169,50731.949219
2024-02-26,3170,54522.402344
2024-02-27,3171,57085.371094
2024-02-28,3172,62504.789063
2024-02-29,3173,61198.382813
2024-03-01,3174,62440.632813
2024-03-04,3175,68330.414063
2024-03-05,3176,63801.199219
2024-03-06,3177,66106.804688
2024-03-07,3178,66925.484375
2024-03-08,3179,68300.09375
2024-03-11,3180,72123.90625
2024-03-12,3181,71481.289063
2024-03-13,3182,73083.5
2024-03-14,3183,71396.59375
2024-03-15,3184,69403.773438
2024-03-18,3185,67548.59375
2024-03-19,3186,61912.773438
2024-03-20,3187,67913.671875
2024-03-21,3188,65491.390625
2024-03-22,3189,63778.761719
2024-03-25,3190,69958.8125
2024-03-26,3191,69987.835938
2024-03-27,3192,69455.34375
2024-03-28,3193,70744.953125
2024-03-29,3194,69892.828125
2024-04-01,3195,69702.148438
2024-04-02,3196,65446.972656
2024-04-03,3197,65980.8125
2024-04-04,3198,68508.84375
2024-04-05,3199,67837.640625
2024-04-08,3200,71631.359375
2024-04-09,3201,69139.015625
2024-04-10,3202,70587.882813
2024-04-11,3203,70060.609375
2024-04-12,3204,67195.867188
2024-04-15,3205,63426.210938
2024-04-16,3206,63811.863281
2024-04-17,3207,61276.691406
2024-04-18,3208,63512.753906
2024-04-19,3209,63843.570313
2024-04-22,3210,66837.679688
2024-04-23,3211,66407.273438
2024-04-24,3212,64276.898438
2024-04-25,3213,64481.707031
2024-04-26,3214,63755.320313
2024-04-29,3215,63841.121094
2024-04-30,3216,60636.855469
2024-05-01,3217,58254.011719
2024-05-02,3218,59123.433594
2024-05-03,3219,62889.835938
2024-05-06,3220,63161.949219
2024-05-07,3221,62334.816406
2024-05-08,3222,61187.941406
2024-05-09,3223,63049.960938
2024-05-10,3224,60569.472656
